timestamp,x,y,z,yaw,yawspeed,vx,vy,vz,acc_x,acc_y,acc_z,jerk_x,jerk_y,jerk_z,thrust[0],thrust[1],thrust[2]
134416496,nan,nan,nan,nan,0.38305962,nan,nan,0.7,nan,nan,nan,nan,nan,nan,0.0,0.0,nan
134436492,nan,nan,nan,nan,0.38305962,nan,nan,0.7,nan,nan,nan,nan,nan,nan,0.0,0.0,nan
134636718,nan,nan,nan,-1.1929502,-0.0,nan,nan,0.7,nan,nan,nan,nan,nan,nan,0.0,0.0,nan
134836768,nan,nan,0.17387648,-1.1928289,0.0,nan,nan,-0.0,nan,nan,nan,nan,nan,nan,0.0017903019,-0.00450892,nan
135036978,nan,nan,0.16693956,-1.1928518,-0.0,nan,nan,-0.0,nan,nan,nan,nan,nan,nan,0.034052107,-0.08576681,nan
135237622,nan,nan,0.15904896,-1.1930155,0.0,nan,nan,-0.0,nan,nan,nan,nan,nan,nan,6.145268e-05,-0.00015485434,nan
135437557,nan,nan,0.14682488,-1.1932279,-0.0,nan,nan,-0.0,nan,nan,nan,nan,nan,nan,-1.5628948e-09,3.940773e-09,nan
135658114,nan,nan,nan,-1.1931877,-0.0,nan,nan,-1.3525066,nan,nan,nan,nan,nan,nan,-1.4057637e-11,3.5441584e-11,nan
135858195,nan,nan,nan,-1.1931877,0.0,nan,nan,-1.5,nan,nan,nan,nan,nan,nan,3.4600125e-15,-8.723253e-15,nan
136058346,nan,nan,nan,-1.1931877,-0.0,nan,nan,-1.5,nan,nan,nan,nan,nan,nan,2.9312791e-18,-7.39023e-18,nan
136258319,nan,nan,nan,-1.1931877,0.0,nan,nan,-1.5,nan,nan,nan,nan,nan,nan,-4.0222465e-21,1.0140736e-20,nan
136458428,nan,nan,nan,-1.1931877,0.0,nan,nan,-1.5,nan,nan,nan,nan,nan,nan,2.2688651e-24,-5.7201768e-24,nan
136658616,nan,nan,nan,-1.1931877,-0.0,nan,nan,-1.5,nan,nan,nan,nan,nan,nan,-2.7716484e-28,6.9877755e-28,nan
136859013,nan,nan,nan,-1.1931877,0.0,nan,nan,-1.5,nan,nan,nan,nan,nan,nan,-7.1852487e-31,1.8115177e-30,nan
137059156,nan,nan,nan,-1.1931877,-0.0,nan,nan,-1.5,nan,nan,nan,nan,nan,nan,7.4426843e-34,-1.8764214e-33,nan
137259195,nan,nan,nan,-1.1931877,-0.0,nan,nan,-1.5,nan,nan,nan,nan,nan,nan,-3.4527526e-37,8.7049495e-37,nan
137459402,nan,nan,nan,-1.1931877,0.0,nan,nan,-0.69948995,nan,nan,nan,nan,nan,nan,-1.29302e-40,3.25992e-40,nan
137659762,nan,nan,nan,-1.1931877,-0.0,nan,nan,-0.4823615,nan,nan,nan,nan,nan,nan,1.58e-43,-4e-43,nan
137879901,nan,nan,-1.1181777,-1.1931877,-0.0,nan,nan,0.0,nan,nan,nan,nan,nan,nan,0.0,0.0,nan
138080031,nan,nan,-1.1181777,-1.1931877,0.0,nan,nan,-0.0,nan,nan,nan,nan,nan,nan,0.0,0.0,nan
138280230,nan,nan,-1.1181777,-1.1931877,-0.0,nan,nan,-0.0,nan,nan,nan,nan,nan,nan,0.0,0.0,nan
139301449,nan,nan,nan,-1.1561252,-0.0,nan,nan,-1.5,nan,nan,nan,nan,nan,nan,0.0,0.0,nan
139501566,nan,nan,nan,-1.1561252,-0.0,nan,nan,-1.5,nan,nan,nan,nan,nan,nan,0.0,0.0,nan
139701639,nan,nan,nan,-1.1561252,0.0,nan,nan,-1.5,nan,nan,nan,nan,nan,nan,0.0,0.0,nan
139903577,nan,nan,nan,-1.1561252,0.0,nan,nan,-1.5,nan,nan,nan,nan,nan,nan,0.0,0.0,nan
140102210,nan,nan,nan,-1.1561252,-0.0,nan,nan,-1.5,nan,nan,nan,nan,nan,nan,0.0,0.0,nan
140302343,nan,nan,nan,-1.1561252,-0.0,nan,nan,-1.5,nan,nan,nan,nan,nan,nan,0.0,0.0,nan
140502511,nan,nan,nan,-1.1561252,0.0,nan,nan,-1.5,nan,nan,nan,nan,nan,nan,0.0,0.0,nan
140702651,nan,nan,nan,-1.1561252,-0.0,nan,nan,-1.5,nan,nan,nan,nan,nan,nan,0.0,0.0,nan
140923037,nan,nan,nan,-1.1561252,-0.0,nan,nan,-1.5,nan,nan,nan,nan,nan,nan,0.0,0.0,nan
141123116,nan,nan,nan,-1.1561252,-0.0,nan,nan,-1.5,nan,nan,nan,nan,nan,nan,0.0,0.0,nan
141323269,nan,nan,nan,-1.1561252,-0.0,nan,nan,-1.5659406,nan,nan,nan,nan,nan,nan,0.0,0.0,nan
141523450,nan,nan,nan,-1.1561252,0.0,nan,nan,-0.4717287,nan,nan,nan,nan,nan,nan,0.0,0.0,nan
141723979,nan,nan,-5.3812695,-1.1561252,-0.0,nan,nan,-0.0,nan,nan,nan,nan,nan,nan,0.0,0.0,nan
141924043,nan,nan,-5.3812695,-1.1561252,-0.0,nan,nan,-0.0,nan,nan,nan,nan,nan,nan,0.0,0.0,nan
142124129,nan,nan,-5.3812695,-1.1561252,0.0,nan,nan,-0.0,nan,nan,nan,nan,nan,nan,0.0,0.0,nan
142324267,nan,nan,nan,-1.1561252,0.0,nan,nan,0.32104722,nan,nan,nan,nan,nan,nan,0.0,0.0,nan
142525373,nan,nan,nan,nan,-0.5446842,nan,nan,0.73069644,nan,nan,nan,nan,nan,nan,0.0,0.0,nan
142724976,nan,nan,nan,nan,-0.58018523,nan,nan,0.7219658,nan,nan,nan,nan,nan,nan,0.0,0.0,nan
142927002,nan,nan,nan,nan,-0.80929005,nan,nan,0.71283805,nan,nan,nan,nan,nan,nan,0.0,0.0,nan
143145196,nan,nan,nan,nan,-0.84290534,nan,nan,0.70443267,nan,nan,nan,nan,nan,nan,0.0,0.0,nan
143345459,nan,nan,nan,nan,-1.4447613,nan,nan,0.7,nan,nan,nan,nan,nan,nan,0.0,0.0,nan
143545524,nan,nan,nan,nan,-1.0766356,nan,nan,0.7,nan,nan,nan,nan,nan,nan,0.0,0.0,nan
143745689,nan,nan,nan,-2.071082,0.0,nan,nan,0.7,nan,nan,nan,nan,nan,nan,0.0,0.0,nan
143945978,nan,nan,-4.455764,-2.071082,-0.0,nan,nan,-0.0,nan,nan,nan,nan,nan,nan,0.0,0.0,nan
144146243,nan,nan,-4.455764,-2.071082,-0.0,nan,nan,-0.0,nan,nan,nan,nan,nan,nan,0.0,0.0,nan
144346369,nan,nan,-4.455764,-2.071082,0.0,nan,nan,-0.0,nan,nan,nan,nan,nan,nan,0.0,0.0,nan
144566536,nan,nan,-4.4472413,-2.071082,0.0,nan,nan,-0.0,nan,nan,nan,nan,nan,nan,0.0,0.0,nan
144766763,nan,nan,-4.4472413,-2.071082,-0.0,nan,nan,-0.0,nan,nan,nan,nan,nan,nan,0.0,0.0,nan
144967351,nan,nan,nan,-2.071082,0.0,nan,nan,0.7,nan,nan,nan,nan,nan,nan,0.0,0.0,nan
145167393,nan,nan,nan,-2.071082,-0.0,nan,nan,0.7,nan,nan,nan,nan,nan,nan,0.0,0.0,nan
145367411,nan,nan,nan,-2.071082,-0.0,nan,nan,0.7,nan,nan,nan,nan,nan,nan,0.0,0.0,nan
145567717,nan,nan,nan,-2.071082,-0.0,nan,nan,0.7,nan,nan,nan,nan,nan,nan,0.0,0.0,nan
145767863,nan,nan,nan,-2.071082,-0.0,nan,nan,0.7,nan,nan,nan,nan,nan,nan,0.0,0.0,nan
145967971,nan,nan,nan,-2.071082,-0.0,nan,nan,0.7,nan,nan,nan,nan,nan,nan,0.0,0.0,nan
146168108,nan,nan,nan,-2.071082,-0.0,nan,nan,0.7,nan,nan,nan,nan,nan,nan,0.0,0.0,nan
146388947,nan,nan,nan,-2.071082,-0.0,nan,nan,0.7,nan,nan,nan,nan,nan,nan,0.0,0.0,nan
146588767,nan,nan,nan,-2.071082,-0.0,nan,nan,0.7,nan,nan,nan,nan,nan,nan,0.0,0.0,nan
146789000,nan,nan,nan,-2.071082,-0.0,nan,nan,0.569292,nan,nan,nan,nan,nan,nan,0.0,0.0,nan
146988923,nan,nan,-3.015751,-2.071082,0.0,nan,nan,-0.0,nan,nan,nan,nan,nan,nan,0.0,0.0,nan
147189199,nan,nan,nan,-2.071082,0.0,nan,nan,-1.5,nan,nan,nan,nan,nan,nan,0.0,0.0,nan
147389478,nan,nan,nan,-2.071082,0.0,nan,nan,-1.5,nan,nan,nan,nan,nan,nan,0.0,0.0,nan
147589598,nan,nan,nan,-2.071082,0.0,nan,nan,-1.5,nan,nan,nan,nan,nan,nan,0.0,0.0,nan
147789755,nan,nan,nan,-2.071082,0.0,nan,nan,-1.5,nan,nan,nan,nan,nan,nan,0.0,0.0,nan
148010077,nan,nan,nan,-2.071082,0.0,nan,nan,-1.5,nan,nan,nan,nan,nan,nan,0.0,0.0,nan
148210283,nan,nan,nan,-2.071082,0.0,nan,nan,-1.5,nan,nan,nan,nan,nan,nan,0.0,0.0,nan
148410383,nan,nan,nan,-2.071082,0.0,nan,nan,-1.5,nan,nan,nan,nan,nan,nan,0.0,0.0,nan
148610527,nan,nan,nan,-2.071082,0.0,nan,nan,-1.7163752,nan,nan,nan,nan,nan,nan,0.0,0.0,nan
148810785,nan,nan,nan,-2.071082,0.0,nan,nan,-2.0258994,nan,nan,nan,nan,nan,nan,0.0,0.0,nan
149011152,nan,nan,nan,-2.071082,0.0,nan,nan,-2.3949547,nan,nan,nan,nan,nan,nan,0.0,0.0,nan
149211267,nan,nan,nan,-2.071082,0.0,nan,nan,-2.8128717,nan,nan,nan,nan,nan,nan,0.0,0.0,nan
149431603,nan,nan,nan,-2.071082,0.0,nan,nan,-3.3607292,nan,nan,nan,nan,nan,nan,0.0,0.0,nan
149631721,nan,nan,nan,-2.071082,0.0,nan,nan,-3.9256737,nan,nan,nan,nan,nan,nan,0.0,0.0,nan
149831890,nan,nan,nan,-2.071082,0.0,nan,nan,-4.5984645,nan,nan,nan,nan,nan,nan,0.0,0.0,nan
150031976,nan,nan,nan,-2.071082,0.0,nan,nan,-5.3692865,nan,nan,nan,nan,nan,nan,0.0,0.0,nan
150232187,nan,nan,nan,-2.071082,0.0,nan,nan,-6.0,nan,nan,nan,nan,nan,nan,0.0,0.0,nan
150432548,nan,nan,nan,-2.071082,0.0,nan,nan,-5.999453,nan,nan,nan,nan,nan,nan,0.0,0.0,nan
150632696,nan,nan,nan,-2.071082,-0.0,nan,nan,-5.999999,nan,nan,nan,nan,nan,nan,0.0,0.0,nan
150832776,nan,nan,nan,-2.071082,-0.0,nan,nan,-6.0,nan,nan,nan,nan,nan,nan,0.0,0.0,nan
151052967,nan,nan,nan,-2.071082,0.0,nan,nan,-6.0,nan,nan,nan,nan,nan,nan,0.0,0.0,nan
151253343,nan,nan,nan,-2.071082,-0.0,nan,nan,-6.0,nan,nan,nan,nan,nan,nan,0.0,0.0,nan
151453520,nan,nan,nan,-2.071082,-0.0,nan,nan,-6.0,nan,nan,nan,nan,nan,nan,0.0,0.0,nan
151653579,nan,nan,nan,-2.071082,0.0,nan,nan,-5.9202514,nan,nan,nan,nan,nan,nan,0.0,0.0,nan
151853769,nan,nan,nan,-2.071082,-0.0,nan,nan,-3.9183512,nan,nan,nan,nan,nan,nan,0.0,0.0,nan
152054366,nan,nan,nan,-2.071082,0.0,nan,nan,-1.912401,nan,nan,nan,nan,nan,nan,0.0,0.0,nan
152254584,nan,nan,nan,-2.071082,-0.0,nan,nan,-0.0,nan,nan,nan,nan,nan,nan,0.0,0.0,nan
152454524,nan,nan,-20.486557,-2.071082,-0.0,nan,nan,-0.0,nan,nan,nan,nan,nan,nan,0.0,0.0,nan
152674658,nan,nan,-20.486557,-2.071082,0.0,nan,nan,0.0,nan,nan,nan,nan,nan,nan,0.0,0.0,nan
152874935,nan,nan,nan,-2.071082,0.0,nan,nan,-0.13654862,nan,nan,nan,nan,nan,nan,0.0,0.0,nan
153075141,nan,nan,-20.661455,-2.071082,-0.0,nan,nan,-0.0,nan,nan,nan,nan,nan,nan,0.0,0.0,nan
153275361,nan,nan,-20.661455,-2.071082,-0.0,nan,nan,-0.0,nan,nan,nan,nan,nan,nan,0.0,0.0,nan
153475394,nan,nan,-20.661455,-2.071082,0.0,nan,nan,-0.0,nan,nan,nan,nan,nan,nan,0.0,0.0,nan
153675739,nan,nan,-20.661455,-2.071082,-0.0,nan,nan,-0.0,nan,nan,nan,nan,nan,nan,0.0,0.0,nan
153875951,nan,nan,-20.661455,-2.071082,-0.0,nan,nan,-0.0,nan,nan,nan,nan,nan,nan,0.0,0.0,nan
154075999,nan,nan,-20.661455,-2.071082,0.0,nan,nan,-0.0,nan,nan,nan,nan,nan,nan,0.0,0.0,nan
154296218,nan,nan,-20.661455,-2.071082,-0.0,nan,nan,-0.0,nan,nan,nan,nan,nan,nan,0.0,0.0,nan
154496569,nan,nan,-20.661455,-2.071082,-0.0,nan,nan,-0.0,nan,nan,nan,nan,nan,nan,0.0,0.0,nan
154696682,nan,nan,-20.661455,-2.071082,0.0,nan,nan,-0.0,nan,nan,nan,nan,nan,nan,0.0038684283,-0.0021147677,nan
154896822,nan,nan,-20.661455,-2.071082,-0.0,nan,nan,-0.0,nan,nan,nan,nan,nan,nan,-0.15029842,-0.27492595,nan
155097046,nan,nan,-20.661455,-2.071082,-0.0,nan,nan,-0.0,nan,nan,nan,nan,nan,nan,-0.28382298,-0.5191818,nan
155297663,nan,nan,-20.661455,-2.071082,0.0,nan,nan,-0.0,nan,nan,nan,nan,nan,nan,-0.11107453,-0.23488005,nan
155497713,nan,nan,-20.661455,-2.071082,0.0,nan,nan,-0.0,nan,nan,nan,nan,nan,nan,0.87850845,-0.47772694,nan
155697777,nan,nan,-20.661455,-2.071082,0.0,nan,nan,-0.0,nan,nan,nan,nan,nan,nan,0.8794173,-0.47605184,nan
155917841,nan,nan,-20.661455,-2.071082,0.0,nan,nan,-0.0,nan,nan,nan,nan,nan,nan,0.84769285,-0.4641384,nan
156118194,nan,nan,-20.661455,-2.071082,0.0,nan,nan,-0.0,nan,nan,nan,nan,nan,nan,0.054306697,-0.029688437,nan
156318326,nan,nan,-20.661455,-2.071082,0.0,nan,nan,-0.0,nan,nan,nan,nan,nan,nan,0.011938513,0.011583104,nan
156518430,nan,nan,-20.661455,-2.071082,0.0,nan,nan,-0.0,nan,nan,nan,nan,nan,nan,0.56902564,0.6927731,nan
156718639,nan,nan,-20.661455,-2.071082,0.0,nan,nan,-0.0,nan,nan,nan,nan,nan,nan,0.58278054,0.72631836,nan
156919048,nan,nan,-20.661455,-2.071082,0.0,nan,nan,-0.0,nan,nan,nan,nan,nan,nan,0.31116882,0.5491426,nan
157119191,nan,nan,-20.661455,-2.071082,0.0,nan,nan,-0.0,nan,nan,nan,nan,nan,nan,0.1925988,-0.10599816,nan
157339316,nan,nan,-20.661455,-2.071082,0.0,nan,nan,-0.0,nan,nan,nan,nan,nan,nan,0.84510773,-0.5345961,nan
157539481,nan,nan,-20.661455,-2.071082,0.0,nan,nan,-0.0,nan,nan,nan,nan,nan,nan,0.87836546,-0.47798985,nan
157740035,nan,nan,-20.661455,-2.071082,0.0,nan,nan,-0.0,nan,nan,nan,nan,nan,nan,0.8603985,-0.47035795,nan
157939963,nan,nan,-20.661455,-2.071082,0.0,nan,nan,-0.0,nan,nan,nan,nan,nan,nan,-0.017497052,0.009565176,nan
158140053,nan,nan,-20.661455,-2.071082,0.0,nan,nan,-0.0,nan,nan,nan,nan,nan,nan,6.402057e-06,-3.499835e-06,nan
158340258,nan,nan,-20.661455,-2.071082,0.0,nan,nan,-0.0,nan,nan,nan,nan,nan,nan,-1.3190174e-08,7.21072e-09,nan
158540800,nan,nan,-20.661455,-2.071082,0.0,nan,nan,-0.0,nan,nan,nan,nan,nan,nan,-0.010069766,0.005504875,nan
158760846,nan,nan,-20.661455,-2.071082,0.0,nan,nan,-0.0,nan,nan,nan,nan,nan,nan,-0.33782932,0.18468238,nan
158960990,nan,nan,-20.661455,-2.071082,0.0,nan,nan,-0.0,nan,nan,nan,nan,nan,nan,-0.34581822,0.18904969,nan
159161953,nan,nan,-20.661455,-2.071082,0.0,nan,nan,-0.0,nan,nan,nan,nan,nan,nan,-0.3458719,0.18907903,nan
159361724,nan,nan,-20.661455,-2.071082,0.0,nan,nan,-0.0,nan,nan,nan,nan,nan,nan,-0.32123962,0.17561322,nan
159563238,nan,nan,-20.661455,-2.071082,0.0,nan,nan,-0.0,nan,nan,nan,nan,nan,nan,-0.28407383,0.15529567,nan
159763406,nan,nan,-20.661455,-2.071082,0.0,nan,nan,-0.0,nan,nan,nan,nan,nan,nan,-0.08660406,0.047344152,nan
159963234,nan,nan,-20.661455,-2.071082,0.0,nan,nan,-0.0,nan,nan,nan,nan,nan,nan,3.7111095e-05,-2.0287656e-05,nan
160782920,nan,nan,nan,-2.071082,0.0,nan,nan,0.9884663,nan,nan,nan,nan,nan,nan,1.9406592e-18,-1.0609071e-18,nan
160983004,nan,nan,nan,-2.071082,0.0,nan,nan,0.9999947,nan,nan,nan,nan,nan,nan,3.2005382e-22,-1.7496497e-22,nan
161183160,nan,nan,nan,-2.071082,0.0,nan,nan,1.0,nan,nan,nan,nan,nan,nan,-3.6679722e-25,2.0051836e-25,nan
161383384,nan,nan,nan,-2.071082,0.0,nan,nan,1.0,nan,nan,nan,nan,nan,nan,1.8457706e-28,-1.00903406e-28,nan
161583587,nan,nan,nan,-2.071082,0.0,nan,nan,1.0,nan,nan,nan,nan,nan,nan,6.1911736e-32,-3.3845512e-32,nan
161803819,nan,nan,nan,-2.071082,0.0,nan,nan,1.0,nan,nan,nan,nan,nan,nan,0.015501174,-0.008474083,nan
162003988,nan,nan,nan,-2.071082,0.0,nan,nan,1.0,nan,nan,nan,nan,nan,nan,0.012608984,-0.0044783885,nan
162204176,nan,nan,nan,-2.071082,0.0,nan,nan,1.0,nan,nan,nan,nan,nan,nan,0.08062532,0.047048703,nan
162404402,nan,nan,nan,-2.071082,0.0,nan,nan,1.0,nan,nan,nan,nan,nan,nan,0.08402896,0.041928604,nan
162604659,nan,nan,nan,-2.071082,0.0,nan,nan,1.0,nan,nan,nan,nan,nan,nan,0.17567872,-0.09586462,nan
162804768,nan,nan,nan,-2.071082,0.0,nan,nan,1.0,nan,nan,nan,nan,nan,nan,0.16127832,-0.08814574,nan
163026426,nan,nan,nan,-2.071082,0.0,nan,nan,1.0,nan,nan,nan,nan,nan,nan,0.24725954,-0.13517027,nan
163226481,nan,nan,nan,-2.071082,0.0,nan,nan,1.0,nan,nan,nan,nan,nan,nan,0.20549612,-0.1123393,nan
163426428,nan,nan,nan,-2.071082,0.0,nan,nan,1.0,nan,nan,nan,nan,nan,nan,0.15582877,-0.08216921,nan
163625570,nan,nan,nan,-2.071082,0.0,nan,nan,1.0,nan,nan,nan,nan,nan,nan,0.14933549,0.008301077,nan
163825771,nan,nan,nan,-2.071082,0.0,nan,nan,1.0,nan,nan,nan,nan,nan,nan,0.10529066,0.030461064,nan
164026604,nan,nan,nan,-2.071082,0.0,nan,nan,1.0,nan,nan,nan,nan,nan,nan,0.0862644,0.04560777,nan
164226243,nan,nan,nan,-2.071082,0.0,nan,nan,1.0,nan,nan,nan,nan,nan,nan,0.058342673,-0.02669393,nan
164426381,nan,nan,nan,-2.071082,0.0,nan,nan,1.0,nan,nan,nan,nan,nan,nan,0.06169633,-0.009557767,nan
164626539,nan,nan,nan,-2.071082,0.0,nan,nan,1.0,nan,nan,nan,nan,nan,nan,0.08080881,0.0035400093,nan
164826810,nan,nan,nan,-2.071082,0.0,nan,nan,1.0,nan,nan,nan,nan,nan,nan,0.08870974,0.009227834,nan
165027096,nan,nan,nan,-2.071082,0.0,nan,nan,1.0,nan,nan,nan,nan,nan,nan,0.086714625,0.013573937,nan
165247179,nan,nan,nan,-2.071082,0.0,nan,nan,1.0,nan,nan,nan,nan,nan,nan,0.08110899,0.010513063,nan
165447406,nan,nan,nan,-2.071082,0.0,nan,nan,1.0,nan,nan,nan,nan,nan,nan,0.08723614,0.010996592,nan
165647926,nan,nan,nan,-2.071082,0.0,nan,nan,1.0,nan,nan,nan,nan,nan,nan,0.08965723,0.0189524,nan
165848145,nan,nan,nan,-2.071082,0.0,nan,nan,1.0,nan,nan,nan,nan,nan,nan,0.09006581,0.025610162,nan
166048079,nan,nan,nan,-2.071082,0.0,nan,nan,1.0,nan,nan,nan,nan,nan,nan,0.07966887,0.022651957,nan
166248870,nan,nan,nan,-2.071082,0.0,nan,nan,1.0,nan,nan,nan,nan,nan,nan,0.075932845,0.02289165,nan
166448598,nan,nan,nan,-2.071082,0.0,nan,nan,1.0,nan,nan,nan,nan,nan,nan,0.0796786,0.034903664,nan
166648798,nan,nan,nan,-2.071082,0.0,nan,nan,1.0,nan,nan,nan,nan,nan,nan,0.089410104,0.0434654,nan
166848815,nan,nan,nan,-2.071082,0.0,nan,nan,1.0,nan,nan,nan,nan,nan,nan,0.09129967,0.040025238,nan
167048970,nan,nan,nan,-2.071082,0.0,nan,nan,1.0,nan,nan,nan,nan,nan,nan,0.09327908,0.04505602,nan
167269348,nan,nan,nan,-2.071082,0.0,nan,nan,1.0,nan,nan,nan,nan,nan,nan,0.08720622,0.04903417,nan
167469483,nan,nan,nan,-2.071082,0.0,nan,nan,1.0,nan,nan,nan,nan,nan,nan,0.09483516,0.0941755,nan
167669612,nan,nan,nan,-2.071082,0.0,nan,nan,1.0,nan,nan,nan,nan,nan,nan,0.09317217,0.09369152,nan
167869783,nan,nan,nan,-2.071082,0.0,nan,nan,1.0,nan,nan,nan,nan,nan,nan,0.08739766,0.07468546,nan
168070115,nan,nan,nan,-2.071082,0.0,nan,nan,1.0,nan,nan,nan,nan,nan,nan,0.0771066,0.044774886,nan
168270317,nan,nan,nan,-2.071082,0.0,nan,nan,1.0,nan,nan,nan,nan,nan,nan,0.07807148,0.033568956,nan
168470396,nan,nan,nan,-2.071082,0.0,nan,nan,1.0,nan,nan,nan,nan,nan,nan,0.06285515,0.020064104,nan
168670582,nan,nan,nan,-2.071082,0.0,nan,nan,1.0,nan,nan,nan,nan,nan,nan,0.03838493,0.00959596,nan
168871130,nan,nan,nan,-2.071082,0.0,nan,nan,1.0,nan,nan,nan,nan,nan,nan,0.07180126,-0.021065252,nan
169091231,nan,nan,nan,-2.071082,0.0,nan,nan,1.0,nan,nan,nan,nan,nan,nan,0.07620131,-0.041658115,nan
169291357,nan,nan,nan,-2.071082,0.0,nan,nan,1.0,nan,nan,nan,nan,nan,nan,0.08406115,-0.045954015,nan
169491445,nan,nan,nan,-2.071082,0.0,nan,nan,1.0,nan,nan,nan,nan,nan,nan,0.15965708,-0.08728031,nan
169691735,nan,nan,nan,-2.071082,0.0,nan,nan,1.0,nan,nan,nan,nan,nan,nan,0.16159324,-0.088338755,nan
169891912,nan,nan,nan,-2.071082,0.0,nan,nan,1.0,nan,nan,nan,nan,nan,nan,0.14037633,-0.076740034,nan
170093193,nan,nan,nan,-2.071082,0.0,nan,nan,1.0,nan,nan,nan,nan,nan,nan,0.14059629,-0.07686028,nan
170292213,nan,nan,nan,-2.071082,0.0,nan,nan,1.0,nan,nan,nan,nan,nan,nan,0.1299765,-0.07105472,nan
170492602,nan,nan,nan,-2.071082,0.0,nan,nan,1.0,nan,nan,nan,nan,nan,nan,0.08425872,-0.04606202,nan
170712763,nan,nan,nan,-2.071082,0.0,nan,nan,1.0,nan,nan,nan,nan,nan,nan,-4.4275363e-05,2.4204171e-05,nan
170912835,nan,nan,nan,-2.071082,0.0,nan,nan,1.0,nan,nan,nan,nan,nan,nan,-2.3648441e-07,1.2927978e-07,nan
171113017,nan,nan,nan,-2.071082,0.0,nan,nan,1.0,nan,nan,nan,nan,nan,nan,2.2508569e-10,-1.230484e-10,nan
171313321,nan,nan,nan,-2.071082,0.0,nan,nan,0.9941111,nan,nan,nan,nan,nan,nan,-9.629972e-14,5.2644517e-14,nan
171513470,nan,nan,nan,-2.071082,0.0,nan,nan,0.9815142,nan,nan,nan,nan,nan,nan,-1.1247832e-17,6.148893e-18,nan
171713620,nan,nan,nan,-2.071082,0.0,nan,nan,0.9697033,nan,nan,nan,nan,nan,nan,5.0576055e-20,-2.7648596e-20,nan
171913817,nan,nan,nan,-2.071082,0.0,nan,nan,0.9575808,nan,nan,nan,nan,nan,nan,-3.7483002e-24,2.0490968e-24,nan
172114381,nan,nan,nan,-2.071082,0.0,nan,nan,0.9450124,nan,nan,nan,nan,nan,nan,-6.786882e-27,3.7102093e-27,nan
172314487,nan,nan,nan,-2.071082,0.0,nan,nan,0.932551,nan,nan,nan,nan,nan,nan,0.007610213,0.013920944,nan
172514528,nan,nan,nan,-2.071082,0.0,nan,nan,0.92037416,nan,nan,nan,nan,nan,nan,0.0142812105,0.026123835,nan
172734643,nan,nan,nan,-2.071082,0.0,nan,nan,0.90691525,nan,nan,nan,nan,nan,nan,0.030042816,0.054955672,nan
172935713,nan,nan,nan,-2.071082,0.0,nan,nan,0.8939392,nan,nan,nan,nan,nan,nan,0.029130047,0.053285994,nan
173135796,nan,nan,nan,-2.071082,0.0,nan,nan,0.8818373,nan,nan,nan,nan,nan,nan,0.020877738,0.0381905,nan
173335883,nan,nan,nan,-2.071082,0.0,nan,nan,0.8700816,nan,nan,nan,nan,nan,nan,0.029274026,0.053549368,nan
173535603,nan,nan,nan,-2.071082,0.0,nan,nan,0.8578853,nan,nan,nan,nan,nan,nan,0.03000593,0.0548882,nan
173735830,nan,nan,nan,-2.071082,0.0,nan,nan,0.8469697,nan,nan,nan,nan,nan,nan,0.0016227305,0.0029683718,nan
173935924,nan,nan,nan,-2.071082,0.0,nan,nan,0.83551645,nan,nan,nan,nan,nan,nan,0.0319919,-0.01748749,nan
174156065,nan,nan,nan,-2.071082,0.0,nan,nan,0.82363886,nan,nan,nan,nan,nan,nan,0.04310239,-0.02356294,nan
174356479,nan,nan,nan,-2.071082,0.0,nan,nan,0.81315,nan,nan,nan,nan,nan,nan,0.033996403,-0.018584935,nan
174556630,nan,nan,nan,-2.071082,0.0,nan,nan,0.80324084,nan,nan,nan,nan,nan,nan,0.032688428,-0.0178699,nan
174756759,nan,nan,nan,-2.071082,0.0,nan,nan,0.79271275,nan,nan,nan,nan,nan,nan,0.068851225,-0.03763915,nan
174956859,nan,nan,nan,-2.071082,0.0,nan,nan,0.78232014,nan,nan,nan,nan,nan,nan,0.07085985,-0.038737208,nan
175157055,nan,nan,nan,-2.071082,0.0,nan,nan,0.77155143,nan,nan,nan,nan,nan,nan,0.06469976,-0.035369653,nan
175357794,nan,nan,nan,-2.071082,0.0,nan,nan,0.76144314,nan,nan,nan,nan,nan,nan,0.04802959,-0.02625651,nan
175577744,nan,nan,nan,-2.071082,0.0,nan,nan,0.7498512,nan,nan,nan,nan,nan,nan,0.052328814,-0.02860678,nan
175777795,nan,nan,nan,-2.071082,0.0,nan,nan,0.74140894,nan,nan,nan,nan,nan,nan,0.052891016,-0.028914122,nan
175978128,nan,nan,nan,-2.071082,0.0,nan,nan,0.7322582,nan,nan,nan,nan,nan,nan,0.055830974,-0.03052132,nan
176178226,nan,nan,nan,-2.071082,0.0,nan,nan,0.7237016,nan,nan,nan,nan,nan,nan,0.046632957,-0.025493005,nan
176378368,nan,nan,nan,-2.071082,0.0,nan,nan,0.7151562,nan,nan,nan,nan,nan,nan,0.038782712,-0.021201486,nan
176578485,nan,nan,nan,-2.071082,0.0,nan,nan,0.7059243,nan,nan,nan,nan,nan,nan,-0.0006542675,0.00035767077,nan
176778755,nan,nan,nan,-2.071082,0.0,nan,nan,0.7,nan,nan,nan,nan,nan,nan,-1.2425556e-07,6.792723e-08,nan
176979058,nan,nan,nan,-2.071082,0.0,nan,nan,0.7,nan,nan,nan,nan,nan,nan,1.2741105e-10,-6.9652256e-11,nan
177199220,nan,nan,nan,-2.071082,0.0,nan,nan,0.7,nan,nan,nan,nan,nan,nan,-5.85778e-14,3.2022938e-14,nan
177399341,nan,nan,nan,-2.071082,0.0,nan,nan,0.7,nan,nan,nan,nan,nan,nan,-2.818416e-18,1.5407536e-18,nan
177599617,nan,nan,nan,-2.071082,0.0,nan,nan,0.7,nan,nan,nan,nan,nan,nan,2.725403e-20,-1.489906e-20,nan
177799844,nan,nan,nan,-2.071082,0.0,nan,nan,0.7,nan,nan,nan,nan,nan,nan,-2.2587563e-23,1.2348024e-23,nan
177999979,nan,nan,nan,-2.071082,0.0,nan,nan,0.7,nan,nan,nan,nan,nan,nan,8.1727245e-27,-4.467813e-27,nan
178200197,nan,nan,nan,-2.071082,0.0,nan,nan,0.7,nan,nan,nan,nan,nan,nan,2.4297414e-30,-1.3282754e-30,nan
178400411,nan,nan,nan,-2.071082,0.0,nan,nan,0.7,nan,nan,nan,nan,nan,nan,-5.5794263e-33,3.0501252e-33,nan
178600807,nan,nan,nan,-2.071082,0.0,nan,nan,0.7,nan,nan,nan,nan,nan,nan,3.839876e-36,-2.099159e-36,nan
178820949,nan,nan,nan,-2.071082,0.0,nan,nan,0.7,nan,nan,nan,nan,nan,nan,8.11978e-40,-4.43888e-40,nan
179020956,nan,nan,nan,-2.071082,0.0,nan,nan,0.7,nan,nan,nan,nan,nan,nan,-7.68e-43,4.19e-43,nan
179221814,nan,nan,nan,-2.071082,0.0,nan,nan,0.7,nan,nan,nan,nan,nan,nan,0.0,0.0,nan
179421902,nan,nan,-2.849206,-2.071082,0.0,nan,nan,-0.0,nan,nan,nan,nan,nan,nan,0.0,0.0,nan
179621834,nan,nan,-2.849206,-2.071082,0.0,nan,nan,-0.0,nan,nan,nan,nan,nan,nan,0.0,0.0,nan
180242236,nan,nan,nan,-2.0648205,0.0,nan,nan,-1.5,nan,nan,nan,nan,nan,nan,0.0,0.0,nan
180842802,nan,nan,nan,nan,-0.13375932,nan,nan,-1.5,nan,nan,nan,nan,nan,nan,0.0,0.0,nan
181043092,nan,nan,nan,nan,-0.08622776,nan,nan,-1.5,nan,nan,nan,nan,nan,nan,0.0,0.0,nan
181243155,nan,nan,nan,nan,-0.08502463,nan,nan,-1.5,nan,nan,nan,nan,nan,nan,0.0,0.0,nan
181443352,nan,nan,nan,nan,-0.08789391,nan,nan,-1.5,nan,nan,nan,nan,nan,nan,0.0,0.0,nan
181643602,nan,nan,nan,nan,-0.08698373,nan,nan,-1.5351223,nan,nan,nan,nan,nan,nan,0.0,0.0,nan
181864041,nan,nan,nan,nan,-0.086510666,nan,nan,-1.8298438,nan,nan,nan,nan,nan,nan,0.0,0.0,nan
182064156,nan,nan,nan,nan,-0.08730259,nan,nan,-2.1401465,nan,nan,nan,nan,nan,nan,0.0,0.0,nan
182264186,nan,nan,nan,nan,-0.08680978,nan,nan,-2.5206113,nan,nan,nan,nan,nan,nan,0.0,0.0,nan
182464995,nan,nan,nan,nan,-0.07750475,nan,nan,-2.982116,nan,nan,nan,nan,nan,nan,0.0,0.0,nan
182665022,nan,nan,nan,nan,-0.08010526,nan,nan,-3.5000145,nan,nan,nan,nan,nan,nan,0.0,0.0,nan
182865097,nan,nan,nan,nan,-0.07894952,nan,nan,-4.0954566,nan,nan,nan,nan,nan,nan,0.0,0.0,nan
183065042,nan,nan,nan,nan,-0.087829635,nan,nan,-4.787337,nan,nan,nan,nan,nan,nan,0.0,0.0,nan
183265361,nan,nan,nan,nan,-0.08388645,nan,nan,-5.588914,nan,nan,nan,nan,nan,nan,0.0,0.0,nan
183465440,nan,nan,nan,nan,-0.08886269,nan,nan,-6.0,nan,nan,nan,nan,nan,nan,0.0,0.0,nan
183665592,nan,nan,nan,nan,-0.086453505,nan,nan,-6.0,nan,nan,nan,nan,nan,nan,0.0,0.0,nan
183865755,nan,nan,nan,nan,-0.0954014,nan,nan,-6.0,nan,nan,nan,nan,nan,nan,0.0,0.0,nan
184086136,nan,nan,nan,nan,-0.0919207,nan,nan,-6.0,nan,nan,nan,nan,nan,nan,0.0,0.0,nan
184286310,nan,nan,nan,nan,-0.08624206,nan,nan,-6.0,nan,nan,nan,nan,nan,nan,0.0,0.0,nan
184486419,nan,nan,nan,nan,-0.087069094,nan,nan,-5.9965143,nan,nan,nan,nan,nan,nan,0.0,0.0,nan
184686568,nan,nan,nan,-2.362326,0.0,nan,nan,-5.91673,nan,nan,nan,nan,nan,nan,0.0,0.0,nan
184886910,nan,nan,nan,-2.362326,-0.0,nan,nan,-3.9171357,nan,nan,nan,nan,nan,nan,0.0,0.0,nan
185087109,nan,nan,nan,-2.362326,0.0,nan,nan,-1.9146953,nan,nan,nan,nan,nan,nan,0.0,0.0,nan
185287256,nan,nan,nan,-2.362326,0.0,nan,nan,-0.0,nan,nan,nan,nan,nan,nan,0.0,0.0,nan
185487551,nan,nan,-19.801764,-2.362326,-0.0,nan,nan,-0.0,nan,nan,nan,nan,nan,nan,0.0,0.0,nan
185687978,nan,nan,-19.801764,-2.362326,0.0,nan,nan,-0.0,nan,nan,nan,nan,nan,nan,0.0,0.0,nan
185888257,nan,nan,-19.801764,-2.362326,0.0,nan,nan,-0.0,nan,nan,nan,nan,nan,nan,0.0,0.0,nan
186108020,nan,nan,-19.801764,-2.362326,-0.0,nan,nan,-0.0,nan,nan,nan,nan,nan,nan,0.0,0.0,nan
186308261,nan,nan,-19.801764,-2.362326,0.0,nan,nan,-0.0,nan,nan,nan,nan,nan,nan,0.0,0.0,nan
186508548,nan,nan,-19.801764,-2.362326,0.0,nan,nan,-0.0,nan,nan,nan,nan,nan,nan,0.0,0.0,nan
186708707,nan,nan,-19.801764,-2.362326,-0.0,nan,nan,-0.0,nan,nan,nan,nan,nan,nan,0.0,0.0,nan
186908840,nan,nan,-19.801764,-2.362326,-0.0,nan,nan,-0.0,nan,nan,nan,nan,nan,nan,0.0,0.0,nan
187108998,nan,nan,-19.801764,-2.362326,0.0,nan,nan,-0.0,nan,nan,nan,nan,nan,nan,0.0,0.0,nan
187309336,nan,nan,-19.801764,-2.362326,-0.0,nan,nan,-0.0,nan,nan,nan,nan,nan,nan,0.003391417,0.0033500816,nan
187509544,nan,nan,-19.801764,-2.362326,0.0,nan,nan,-0.0,nan,nan,nan,nan,nan,nan,0.2651375,0.26190594,nan
187729621,nan,nan,-19.801764,-2.362326,0.0,nan,nan,-0.0,nan,nan,nan,nan,nan,nan,0.26646104,0.26321337,nan
187929832,nan,nan,-19.801764,-2.362326,0.0,nan,nan,-0.0,nan,nan,nan,nan,nan,nan,0.26430672,0.2610853,nan
188130174,nan,nan,-19.801764,-2.362326,0.0,nan,nan,-0.0,nan,nan,nan,nan,nan,nan,-0.0031471318,-0.0031087738,nan
188330280,nan,nan,-19.801764,-2.362326,0.0,nan,nan,-0.0,nan,nan,nan,nan,nan,nan,6.764847e-06,6.6823955e-06,nan
188530425,nan,nan,-19.801764,-2.362326,0.0,nan,nan,-0.0,nan,nan,nan,nan,nan,nan,0.096769094,-0.09796309,nan
188730649,nan,nan,-19.801764,-2.362326,0.0,nan,nan,-0.0,nan,nan,nan,nan,nan,nan,0.118987516,-0.12045565,nan
188931255,nan,nan,-19.801764,-2.362326,0.0,nan,nan,-0.0,nan,nan,nan,nan,nan,nan,0.11363958,-0.11504173,nan
189151330,nan,nan,-19.801764,-2.362326,0.0,nan,nan,-0.0,nan,nan,nan,nan,nan,nan,0.15442944,-0.15633488,nan
189351347,nan,nan,-19.801764,-2.362326,0.0,nan,nan,-0.0,nan,nan,nan,nan,nan,nan,0.16153933,-0.16945583,nan
189552500,nan,nan,-19.801764,-2.362326,0.0,nan,nan,-0.0,nan,nan,nan,nan,nan,nan,0.17194544,-0.17406774,nan
189751774,nan,nan,-19.801764,-2.362326,0.0,nan,nan,-0.0,nan,nan,nan,nan,nan,nan,0.16284804,-0.16485736,nan
189952172,nan,nan,-19.801764,-2.362326,0.0,nan,nan,-0.0,nan,nan,nan,nan,nan,nan,0.15897883,-0.16094041,nan
190152038,nan,nan,-19.801764,-2.362326,0.0,nan,nan,-0.0,nan,nan,nan,nan,nan,nan,0.12800302,-0.12958239,nan
190352249,nan,nan,-19.801764,-2.362326,0.0,nan,nan,-0.0,nan,nan,nan,nan,nan,nan,0.14240599,-0.14416309,nan
190552622,nan,nan,-19.801764,-2.362326,0.0,nan,nan,-0.0,nan,nan,nan,nan,nan,nan,0.10928314,-0.11063154,nan
190752709,nan,nan,-19.801764,-2.362326,0.0,nan,nan,-0.0,nan,nan,nan,nan,nan,nan,0.108327925,-0.10966454,nan
190952845,nan,nan,-19.801764,-2.362326,0.0,nan,nan,-0.0,nan,nan,nan,nan,nan,nan,0.10277438,-0.10404247,nan
191173143,nan,nan,-19.801764,-2.362326,0.0,nan,nan,-0.0,nan,nan,nan,nan,nan,nan,0.141863,-0.1436134,nan
191373429,nan,nan,-19.801764,-2.362326,0.0,nan,nan,-0.0,nan,nan,nan,nan,nan,nan,0.13621278,-0.13789345,nan
191573503,nan,nan,-19.801764,-2.362326,0.0,nan,nan,-0.0,nan,nan,nan,nan,nan,nan,0.14931467,-0.07490249,nan
191773662,nan,nan,-19.801764,-2.362326,0.0,nan,nan,-0.0,nan,nan,nan,nan,nan,nan,0.15962954,0.04097448,nan
191973860,nan,nan,-19.801764,-2.362326,0.0,nan,nan,-0.0,nan,nan,nan,nan,nan,nan,0.1145949,0.113132544,nan
192174421,nan,nan,-19.801764,-2.362326,0.0,nan,nan,-0.0,nan,nan,nan,nan,nan,nan,0.19793282,0.19552037,nan
192374459,nan,nan,-19.801764,-2.362326,0.0,nan,nan,-0.0,nan,nan,nan,nan,nan,nan,0.24874373,0.24571198,nan
192574567,nan,nan,nan,-2.362326,0.0,nan,nan,0.031365182,nan,nan,nan,nan,nan,nan,0.23570621,0.23283339,nan
192775335,nan,nan,nan,-2.362326,0.0,nan,nan,0.15346543,nan,nan,nan,nan,nan,nan,0.07022109,0.069365226,nan
192995030,nan,nan,nan,-2.362326,0.0,nan,nan,0.15330537,nan,nan,nan,nan,nan,nan,-4.9546852e-05,-4.8942966e-05,nan
193195162,nan,nan,nan,-2.362326,0.0,nan,nan,0.19342975,nan,nan,nan,nan,nan,nan,3.7773e-09,3.731261e-09,nan
193395349,nan,nan,nan,-2.362326,0.0,nan,nan,0.36050695,nan,nan,nan,nan,nan,nan,6.62463e-12,6.5438874e-12,nan
193595794,nan,nan,nan,-2.362326,0.0,nan,nan,0.47707495,nan,nan,nan,nan,nan,nan,-7.3791876e-15,-7.289248e-15,nan
193796054,nan,nan,nan,-2.362326,0.0,nan,nan,0.60868114,nan,nan,nan,nan,nan,nan,3.6346473e-18,3.5903473e-18,nan
193995917,nan,nan,nan,-2.362326,0.0,nan,nan,0.78822196,nan,nan,nan,nan,nan,nan,1.255422e-21,1.2401206e-21,nan
194196071,nan,nan,nan,-2.362326,0.0,nan,nan,0.8098835,nan,nan,nan,nan,nan,nan,-8.374049e-25,-8.271985e-25,nan
194396401,nan,nan,nan,-2.362326,0.0,nan,nan,0.80974704,nan,nan,nan,nan,nan,nan,1.9928381e-28,1.9685488e-28,nan
194596580,nan,nan,nan,-2.362326,0.0,nan,nan,0.80574447,nan,nan,nan,nan,nan,nan,1.8057145e-31,1.7837061e-31,nan
194816745,nan,nan,nan,-2.362326,0.0,nan,nan,0.82075995,nan,nan,nan,nan,nan,nan,0.004421427,-0.0044759815,nan
195016934,nan,nan,nan,-2.362326,0.0,nan,nan,0.822728,nan,nan,nan,nan,nan,nan,0.12744437,-0.053828683,nan
195217181,nan,nan,nan,-2.362326,0.0,nan,nan,0.8174485,nan,nan,nan,nan,nan,nan,0.12689246,0.0069525097,nan
195417635,nan,nan,nan,-2.362326,0.0,nan,nan,0.81434715,nan,nan,nan,nan,nan,nan,0.16949482,0.1670704,nan
195617717,nan,nan,nan,-2.362326,0.0,nan,nan,0.81434596,nan,nan,nan,nan,nan,nan,0.24808212,0.24505872,nan
195817750,nan,nan,nan,-2.362326,0.0,nan,nan,0.80984896,nan,nan,nan,nan,nan,nan,0.22681111,0.22330974,nan
196018774,nan,nan,nan,-2.362326,0.0,nan,nan,0.7239571,nan,nan,nan,nan,nan,nan,0.16052136,-0.17135249,nan
196218972,nan,nan,nan,-2.362326,0.0,nan,nan,0.72762847,nan,nan,nan,nan,nan,nan,0.19629627,-0.19801559,nan
196418640,nan,nan,nan,-2.362326,0.0,nan,nan,0.7270827,nan,nan,nan,nan,nan,nan,0.2047615,-0.20728783,nan
196619241,nan,nan,nan,-2.362326,0.0,nan,nan,0.72815305,nan,nan,nan,nan,nan,nan,0.14928436,-0.15112633,nan
196818898,nan,nan,nan,-2.362326,0.0,nan,nan,0.7304033,nan,nan,nan,nan,nan,nan,0.1525536,-0.1544359,nan
197039002,nan,nan,nan,-2.362326,0.0,nan,nan,0.725993,nan,nan,nan,nan,nan,nan,0.038115814,-0.03858611,nan
198240128,nan,nan,nan,-2.362326,0.0,nan,nan,0.96939576,nan,nan,nan,nan,nan,nan,-1.0019194e-08,-9.897079e-09,nan
198440693,nan,nan,nan,-2.362326,0.0,nan,nan,1.0,nan,nan,nan,nan,nan,nan,9.553494e-12,9.4370544e-12,nan
198660853,nan,nan,nan,-2.362326,0.0,nan,nan,1.0,nan,nan,nan,nan,nan,nan,1.1239308e-15,1.110232e-15,nan
198860847,nan,nan,nan,-2.362326,0.0,nan,nan,1.0,nan,nan,nan,nan,nan,nan,-1.7021043e-18,-1.6813587e-18,nan
199060981,nan,nan,nan,-2.362326,0.0,nan,nan,1.0,nan,nan,nan,nan,nan,nan,1.009436e-21,9.971328e-22,nan
199261366,nan,nan,nan,-2.362326,0.0,nan,nan,1.0,nan,nan,nan,nan,nan,nan,-1.6031806e-25,-1.5836406e-25,nan
199461519,nan,nan,nan,-2.362326,0.0,nan,nan,1.0,nan,nan,nan,nan,nan,nan,-2.8738837e-28,-2.8388564e-28,nan
199661587,nan,nan,nan,-2.362326,0.0,nan,nan,1.0,nan,nan,nan,nan,nan,nan,3.1862064e-31,3.1473723e-31,nan
199861741,nan,nan,nan,-2.362326,0.0,nan,nan,1.0,nan,nan,nan,nan,nan,nan,-1.5636714e-34,-1.544613e-34,nan
200062150,nan,nan,nan,-2.362326,0.0,nan,nan,1.0,nan,nan,nan,nan,nan,nan,1.572606e-39,1.553437e-39,nan
200262290,nan,nan,nan,-2.362326,0.0,nan,nan,1.0,nan,nan,nan,nan,nan,nan,0.11029449,0.1089502,nan
200462454,nan,nan,nan,-2.362326,0.0,nan,nan,1.0,nan,nan,nan,nan,nan,nan,0.46183068,0.3856401,nan
200682560,nan,nan,nan,-2.362326,0.0,nan,nan,1.0,nan,nan,nan,nan,nan,nan,0.40755048,0.3650531,nan
200882893,nan,nan,nan,-2.362326,0.0,nan,nan,1.0,nan,nan,nan,nan,nan,nan,0.0021417886,0.0020560792,nan
201083149,nan,nan,nan,-2.362326,0.0,nan,nan,1.0,nan,nan,nan,nan,nan,nan,-1.6992302e-06,-1.7014074e-06,nan
201283239,nan,nan,nan,-2.362326,0.0,nan,nan,1.0,nan,nan,nan,nan,nan,nan,0.22303751,-0.24782492,nan
201483383,nan,nan,nan,-2.362326,0.0,nan,nan,1.0,nan,nan,nan,nan,nan,nan,0.27605966,-0.41177264,nan
201683898,nan,nan,nan,-2.362326,0.0,nan,nan,1.0,nan,nan,nan,nan,nan,nan,0.29470184,-0.4680483,nan
201884157,nan,nan,nan,-2.362326,0.0,nan,nan,1.0,nan,nan,nan,nan,nan,nan,0.2819624,-0.3670416,nan
202104103,nan,nan,nan,-2.362326,0.0,nan,nan,1.0,nan,nan,nan,nan,nan,nan,0.2663004,-0.29722977,nan
202304198,nan,nan,nan,-2.362326,0.0,nan,nan,1.0,nan,nan,nan,nan,nan,nan,0.07180224,-0.072726086,nan
202505770,nan,nan,nan,-2.362326,0.0,nan,nan,1.0,nan,nan,nan,nan,nan,nan,-8.03739e-06,8.134742e-06,nan
202704995,nan,nan,nan,-2.362326,0.0,nan,nan,1.0,nan,nan,nan,nan,nan,nan,8.755302e-09,-8.845704e-09,nan
202905819,nan,nan,nan,-2.362326,0.0,nan,nan,1.0,nan,nan,nan,nan,nan,nan,7.6439414e-13,-7.756193e-13,nan
203106159,nan,nan,nan,-2.362326,0.0,nan,nan,1.0,nan,nan,nan,nan,nan,nan,-0.026036702,0.026357958,nan
203305823,nan,nan,nan,-2.362326,0.0,nan,nan,1.0,nan,nan,nan,nan,nan,nan,-0.055636972,0.06774054,nan
203507452,nan,nan,nan,-2.362326,0.0,nan,nan,1.0,nan,nan,nan,nan,nan,nan,-0.05284149,0.17864063,nan
203705789,nan,nan,nan,-2.362326,0.0,nan,nan,1.0,nan,nan,nan,nan,nan,nan,0.027560411,0.24221767,nan
203925801,nan,nan,nan,-2.362326,0.0,nan,nan,1.0,nan,nan,nan,nan,nan,nan,0.35077444,0.34702206,nan
204126199,nan,nan,nan,-2.362326,0.0,nan,nan,1.0,nan,nan,nan,nan,nan,nan,0.3233124,0.3193712,nan
204326352,nan,nan,nan,-2.362326,0.0,nan,nan,1.0,nan,nan,nan,nan,nan,nan,0.24804707,0.24502382,nan
204526421,nan,nan,nan,-2.362326,0.0,nan,nan,1.0,nan,nan,nan,nan,nan,nan,0.014078785,0.0139071895,nan
204726607,nan,nan,nan,-2.362326,0.0,nan,nan,1.0,nan,nan,nan,nan,nan,nan,5.387653e-06,5.321987e-06,nan
204927345,nan,nan,nan,-2.362326,0.0,nan,nan,1.0,nan,nan,nan,nan,nan,nan,-1.0660272e-08,-1.0530342e-08,nan
205127373,nan,nan,nan,-2.362326,0.0,nan,nan,0.99781495,nan,nan,nan,nan,nan,nan,7.021151e-12,6.935576e-12,nan
205347364,nan,nan,nan,-2.362326,0.0,nan,nan,0.9844404,nan,nan,nan,nan,nan,nan,9.039936e-16,8.929755e-16,nan
205547561,nan,nan,nan,-2.362326,0.0,nan,nan,0.97275203,nan,nan,nan,nan,nan,nan,-2.209077e-19,-2.1821523e-19,nan
205747796,nan,nan,nan,-2.362326,0.0,nan,nan,0.96142405,nan,nan,nan,nan,nan,nan,-1.8988912e-22,-1.8757471e-22,nan
205947936,nan,nan,nan,-2.362326,0.0,nan,nan,0.94965225,nan,nan,nan,nan,nan,nan,2.5919388e-25,2.5603477e-25,nan
206148056,nan,nan,nan,-2.362326,0.0,nan,nan,0.9378043,nan,nan,nan,nan,nan,nan,-1.4578374e-28,-1.440069e-28,nan
206348243,nan,nan,nan,-2.362326,0.0,nan,nan,0.9258589,nan,nan,nan,nan,nan,nan,1.7492213e-32,1.7279015e-32,nan
206548607,nan,nan,nan,-2.362326,0.0,nan,nan,0.9135906,nan,nan,nan,nan,nan,nan,4.6444494e-35,4.587842e-35,nan
206748716,nan,nan,nan,-2.362326,0.0,nan,nan,0.9019786,nan,nan,nan,nan,nan,nan,0.13812189,-0.13982612,nan
206948841,nan,nan,nan,-2.362326,0.0,nan,nan,0.8910611,nan,nan,nan,nan,nan,nan,0.12376949,-0.12529664,nan
207149019,nan,nan,nan,-2.362326,0.0,nan,nan,0.87961084,nan,nan,nan,nan,nan,nan,0.09464625,-0.09581405,nan
207369719,nan,nan,nan,-2.362326,0.0,nan,nan,0.8670695,nan,nan,nan,nan,nan,nan,0.14550738,-0.14730273,nan
207569500,nan,nan,nan,-2.362326,0.0,nan,nan,0.85517436,nan,nan,nan,nan,nan,nan,0.13396397,-0.1356169,nan
207769629,nan,nan,nan,-2.362326,0.0,nan,nan,0.84353,nan,nan,nan,nan,nan,nan,0.03406252,-0.034482803,nan
207969848,nan,nan,nan,-2.362326,0.0,nan,nan,0.8325456,nan,nan,nan,nan,nan,nan,-6.86921e-06,6.9539665e-06,nan
208170221,nan,nan,nan,-2.362326,0.0,nan,nan,0.8222197,nan,nan,nan,nan,nan,nan,4.7670916e-09,-4.825911e-09,nan
208370509,nan,nan,nan,-2.362326,0.0,nan,nan,0.81179255,nan,nan,nan,nan,nan,nan,-1.2519332e-12,1.2673803e-12,nan
208570448,nan,nan,nan,-2.362326,0.0,nan,nan,0.8015781,nan,nan,nan,nan,nan,nan,-9.254387e-16,9.368573e-16,nan
208771542,nan,nan,nan,-2.362326,0.0,nan,nan,0.79097676,nan,nan,nan,nan,nan,nan,1.3374113e-18,-1.353913e-18,nan
208971347,nan,nan,nan,-2.362326,0.0,nan,nan,0.78069526,nan,nan,nan,nan,nan,nan,-7.7524055e-22,7.848059e-22,nan
209191159,nan,nan,nan,-2.362326,0.0,nan,nan,0.7702447,nan,nan,nan,nan,nan,nan,-2.1288844e-25,2.1551517e-25,nan
209391254,nan,nan,nan,-2.362326,0.0,nan,nan,0.76059085,nan,nan,nan,nan,nan,nan,2.3186848e-28,-2.3472943e-28,nan
209591467,nan,nan,nan,-2.362326,0.0,nan,nan,0.7498944,nan,nan,nan,nan,nan,nan,-2.4902096e-31,2.5209353e-31,nan
209791814,nan,nan,nan,-2.362326,0.0,nan,nan,0.7392125,nan,nan,nan,nan,nan,nan,0.0026563522,0.002623976,nan
209992023,nan,nan,nan,-2.362326,0.0,nan,nan,0.72942054,nan,nan,nan,nan,nan,nan,0.013632947,0.013466786,nan
210192089,nan,nan,nan,-2.362326,0.0,nan,nan,0.72033274,nan,nan,nan,nan,nan,nan,0.15008937,0.09984526,nan
210392400,nan,nan,nan,-2.362326,0.0,nan,nan,0.7118057,nan,nan,nan,nan,nan,nan,0.40663642,0.19340375,nan
210592647,nan,nan,nan,-2.362326,0.0,nan,nan,0.7039785,nan,nan,nan,nan,nan,nan,0.31321958,0.16162299,nan
210812722,nan,nan,nan,-2.362326,0.0,nan,nan,0.7,nan,nan,nan,nan,nan,nan,0.12770055,0.0075410567,nan
211012886,nan,nan,nan,-2.362326,0.0,nan,nan,0.7,nan,nan,nan,nan,nan,nan,0.07281978,-0.07801245,nan
211213204,nan,nan,nan,-2.362326,0.0,nan,nan,0.7,nan,nan,nan,nan,nan,nan,0.07925288,-0.08022812,nan
211413394,nan,nan,nan,-2.362326,0.0,nan,nan,0.7,nan,nan,nan,nan,nan,nan,0.16116804,-0.06733279,nan
211613651,nan,nan,nan,-2.362326,0.0,nan,nan,0.7,nan,nan,nan,nan,nan,nan,0.19524024,-0.19752197,nan
211813716,nan,nan,nan,-2.362326,0.0,nan,nan,0.7,nan,nan,nan,nan,nan,nan,0.2272284,-0.23003206,nan
212014121,nan,nan,nan,-2.362326,0.0,nan,nan,0.7,nan,nan,nan,nan,nan,nan,0.071036436,-0.07191292,nan
212235363,nan,nan,nan,-2.362326,0.0,nan,nan,0.7,nan,nan,nan,nan,nan,nan,-2.8093691e-05,2.8440329e-05,nan
212434637,nan,nan,nan,-2.362326,0.0,nan,nan,0.7,nan,nan,nan,nan,nan,nan,2.3508175e-08,-2.3798233e-08,nan
212635104,nan,nan,nan,-2.362326,0.0,nan,nan,0.7,nan,nan,nan,nan,nan,nan,-8.620594e-12,8.72696e-12,nan
212834817,nan,nan,nan,-2.362326,0.0,nan,nan,0.7,nan,nan,nan,nan,nan,nan,-2.4286315e-15,2.4585972e-15,nan
213035135,nan,nan,nan,-2.362326,0.0,nan,nan,0.312505,nan,nan,nan,nan,nan,nan,-0.29598534,-0.29160967,nan
213235196,nan,nan,-3.2221048,-2.362326,0.0,nan,nan,-0.0,nan,nan,nan,nan,nan,nan,-0.8311371,-0.5560675,nan
213435335,nan,nan,-3.2221048,-2.362326,0.0,nan,nan,-0.0,nan,nan,nan,nan,nan,nan,-0.8130046,-0.5822573,nan
213635621,nan,nan,-3.2221048,-2.362326,0.0,nan,nan,-0.0,nan,nan,nan,nan,nan,nan,-0.5776037,-0.5649225,nan
213836070,nan,nan,-3.2221048,-2.362326,0.0,nan,nan,-0.0,nan,nan,nan,nan,nan,nan,-0.709138,-0.7004974,nan
214036170,nan,nan,-3.2221048,-2.362326,0.0,nan,nan,-0.0,nan,nan,nan,nan,nan,nan,-0.71025187,-0.7015952,nan
214256177,nan,nan,-3.2221048,-2.362326,0.0,nan,nan,-0.0,nan,nan,nan,nan,nan,nan,-0.7105123,-0.7018524,nan
214456405,nan,nan,-3.2221048,-2.362326,0.0,nan,nan,-0.0,nan,nan,nan,nan,nan,nan,-0.7099352,-0.7012824,nan
214656593,nan,nan,-3.2221048,-2.362326,0.0,nan,nan,-0.0,nan,nan,nan,nan,nan,nan,-0.70967114,-0.7010215,nan
214856774,nan,nan,-3.2221048,-2.362326,0.0,nan,nan,-0.0,nan,nan,nan,nan,nan,nan,-0.71025467,-0.701598,nan
215056964,nan,nan,-3.2221048,-2.362326,0.0,nan,nan,-0.0,nan,nan,nan,nan,nan,nan,-0.70960927,-0.70096046,nan
215257331,nan,nan,-3.2221048,-2.362326,0.0,nan,nan,-0.0,nan,nan,nan,nan,nan,nan,-0.7096095,-0.70096064,nan
215457716,nan,nan,-3.2221048,-2.362326,0.0,nan,nan,-0.0,nan,nan,nan,nan,nan,nan,-0.7096684,-0.7010188,nan
215677784,nan,nan,-3.2221048,-2.362326,0.0,nan,nan,-0.0,nan,nan,nan,nan,nan,nan,-0.7102444,-0.7015878,nan
215877956,nan,nan,-3.2221048,-2.362326,0.0,nan,nan,-0.0,nan,nan,nan,nan,nan,nan,-0.5581438,-0.551341,nan
216079312,nan,nan,-3.2221048,-2.362326,0.0,nan,nan,-0.0,nan,nan,nan,nan,nan,nan,0.0021148415,0.0020890655,nan
216279716,nan,nan,-3.2221048,-2.362326,0.0,nan,nan,-0.0,nan,nan,nan,nan,nan,nan,2.3495415e-06,2.320905e-06,nan
216479592,nan,nan,-3.2221048,-2.362326,0.0,nan,nan,-0.0,nan,nan,nan,nan,nan,nan,-2.9452654e-09,-2.9093679e-09,nan
216678557,nan,nan,-3.2221048,-2.362326,0.0,nan,nan,-0.0,nan,nan,nan,nan,nan,nan,1.5753816e-12,1.5561805e-12,nan
216878806,nan,nan,-3.2221048,-2.362326,0.0,nan,nan,-0.0,nan,nan,nan,nan,nan,nan,-1.2792949e-16,-1.2637026e-16,nan
217079221,nan,nan,-3.2221048,-2.362326,0.0,nan,nan,-0.0,nan,nan,nan,nan,nan,nan,-5.5520264e-19,-5.484357e-19,nan
217279260,nan,nan,-3.2221048,-2.362326,0.0,nan,nan,0.0,nan,nan,nan,nan,nan,nan,9.948641e-23,9.827385e-23,nan
217479359,nan,nan,-3.2221048,-2.362326,0.0,nan,nan,0.0,nan,nan,nan,nan,nan,nan,6.112518e-26,6.038018e-26,nan
217699686,nan,nan,nan,-2.362326,0.0,nan,nan,-0.27400666,nan,nan,nan,nan,nan,nan,0.6214354,0.6138612,nan
217899883,nan,nan,nan,-2.362326,0.0,nan,nan,-0.58033246,nan,nan,nan,nan,nan,nan,0.54342115,0.5367978,nan
218099955,nan,nan,nan,-2.362326,0.0,nan,nan,-0.4495678,nan,nan,nan,nan,nan,nan,0.28335777,0.27990416,nan
218300166,nan,nan,nan,-2.362326,0.0,nan,nan,-0.39211446,nan,nan,nan,nan,nan,nan,0.2710983,0.26779407,nan
218500713,nan,nan,nan,-2.362326,0.0,nan,nan,-0.34607822,nan,nan,nan,nan,nan,nan,0.2694489,0.2661648,nan
218700895,nan,nan,nan,-2.362326,0.0,nan,nan,-0.4064188,nan,nan,nan,nan,nan,nan,0.3070798,0.30333704,nan
218904211,nan,nan,nan,-2.362326,0.0,nan,nan,-0.45857924,nan,nan,nan,nan,nan,nan,0.3889079,0.38416782,nan
219121033,nan,nan,nan,-2.362326,0.0,nan,nan,-0.44992065,nan,nan,nan,nan,nan,nan,0.3737359,0.3691807,nan
220522441,nan,nan,nan,-2.362326,0.0,nan,nan,-0.4472583,nan,nan,nan,nan,nan,nan,0.034850504,0.03442574,nan
220722583,nan,nan,nan,-2.362326,0.0,nan,nan,-0.43036395,nan,nan,nan,nan,nan,nan,-5.1392212e-06,-5.0765834e-06,nan
220942931,nan,nan,nan,-2.362326,0.0,nan,nan,-0.27787066,nan,nan,nan,nan,nan,nan,0.27608424,-0.27677187,nan
221143163,nan,nan,nan,-2.362326,0.0,nan,nan,-0.26711482,nan,nan,nan,nan,nan,nan,0.29663414,-0.30029583,nan
221343199,nan,nan,nan,-2.362326,0.0,nan,nan,-0.27849132,nan,nan,nan,nan,nan,nan,0.26395062,-0.22665516,nan
221543399,nan,nan,nan,-2.362326,0.0,nan,nan,-0.27793422,nan,nan,nan,nan,nan,nan,0.39374617,0.036561973,nan
221743975,nan,nan,nan,-2.362326,0.0,nan,nan,-0.27848023,nan,nan,nan,nan,nan,nan,0.40988895,0.014298796,nan
221944020,nan,nan,nan,-2.362326,0.0,nan,nan,-0.14005359,nan,nan,nan,nan,nan,nan,0.40740392,0.11355206,nan
222144140,nan,nan,nan,-2.362326,0.0,nan,nan,-0.04507795,nan,nan,nan,nan,nan,nan,0.4874149,0.2544909,nan
222364259,nan,nan,-4.162479,-2.362326,0.0,nan,nan,0.0,nan,nan,nan,nan,nan,nan,0.57729447,0.28542402,nan
222564645,nan,nan,-4.162479,-2.362326,0.0,nan,nan,0.0,nan,nan,nan,nan,nan,nan,0.6097452,0.30200592,nan
222764741,nan,nan,-4.162479,-2.362326,0.0,nan,nan,0.0,nan,nan,nan,nan,nan,nan,0.62702835,0.28645077,nan
222964865,nan,nan,-4.162479,-2.362326,0.0,nan,nan,0.0,nan,nan,nan,nan,nan,nan,0.62678635,0.2826542,nan
223165152,nan,nan,-4.162479,-2.362326,0.0,nan,nan,0.0,nan,nan,nan,nan,nan,nan,0.5409868,0.28993478,nan
223365317,nan,nan,-4.162479,-2.362326,0.0,nan,nan,0.0,nan,nan,nan,nan,nan,nan,0.4362516,0.38445902,nan
223565525,nan,nan,-4.162479,-2.362326,0.0,nan,nan,0.0,nan,nan,nan,nan,nan,nan,0.37074834,0.3662489,nan
223785647,nan,nan,-4.162479,-2.362326,0.0,nan,nan,0.0,nan,nan,nan,nan,nan,nan,0.3524636,0.35977343,nan
223985833,nan,nan,-4.162479,-2.362326,0.0,nan,nan,0.0,nan,nan,nan,nan,nan,nan,0.34665197,0.4331868,nan
224186167,nan,nan,-4.162479,-2.362326,0.0,nan,nan,0.0,nan,nan,nan,nan,nan,nan,0.25470498,0.6652018,nan
224386304,nan,nan,-4.162479,-2.362326,0.0,nan,nan,0.0,nan,nan,nan,nan,nan,nan,0.22944136,0.7171498,nan
224586444,nan,nan,-4.162479,-2.362326,0.0,nan,nan,0.0,nan,nan,nan,nan,nan,nan,0.28641075,0.6469745,nan
224786641,nan,nan,-4.162479,-2.362326,0.0,nan,nan,0.0,nan,nan,nan,nan,nan,nan,0.52185845,0.35513023,nan
224987325,nan,nan,-4.162479,-2.362326,0.0,nan,nan,0.0,nan,nan,nan,nan,nan,nan,0.63884336,-0.06623279,nan
225207365,nan,nan,-4.162479,-2.362326,0.0,nan,nan,0.0,nan,nan,nan,nan,nan,nan,0.5580451,-0.2010834,nan
225407425,nan,nan,-4.162479,-2.362326,0.0,nan,nan,0.0,nan,nan,nan,nan,nan,nan,0.5182186,-0.102495626,nan
225607608,nan,nan,-4.162479,-2.362326,0.0,nan,nan,0.0,nan,nan,nan,nan,nan,nan,0.48002544,0.30228335,nan
225807813,nan,nan,-4.162479,-2.362326,0.0,nan,nan,0.0,nan,nan,nan,nan,nan,nan,0.49975026,0.33314973,nan
226009997,nan,nan,-4.162479,-2.362326,0.0,nan,nan,0.0,nan,nan,nan,nan,nan,nan,0.49148166,0.33670792,nan
226208065,nan,nan,-4.162479,-2.362326,0.0,nan,nan,0.0,nan,nan,nan,nan,nan,nan,0.31894526,0.15785998,nan
226408256,nan,nan,-4.162479,-2.362326,0.0,nan,nan,0.0,nan,nan,nan,nan,nan,nan,0.39396346,0.22288947,nan
226609358,nan,nan,-4.162479,-2.362326,0.0,nan,nan,0.0,nan,nan,nan,nan,nan,nan,0.48471496,0.3022584,nan
226808764,nan,nan,-4.162479,-2.362326,0.0,nan,nan,0.0,nan,nan,nan,nan,nan,nan,0.5163102,0.31207794,nan
227008973,nan,nan,-4.162479,-2.362326,0.0,nan,nan,0.0,nan,nan,nan,nan,nan,nan,0.5130616,0.3381785,nan
227209061,nan,nan,-4.162479,-2.362326,0.0,nan,nan,0.0,nan,nan,nan,nan,nan,nan,0.5125691,0.34221077,nan
227409421,nan,nan,-4.162479,-2.362326,0.0,nan,nan,0.0,nan,nan,nan,nan,nan,nan,0.5170314,0.33914804,nan
227629497,nan,nan,nan,-2.362326,0.0,nan,nan,-0.22728936,nan,nan,nan,nan,nan,nan,0.5235424,0.344172,nan
227829742,nan,nan,nan,-2.362326,0.0,nan,nan,-0.1992116,nan,nan,nan,nan,nan,nan,0.5252549,0.34761164,nan
228029979,nan,nan,nan,-2.362326,0.0,nan,nan,-0.11043723,nan,nan,nan,nan,nan,nan,0.52105397,0.35057,nan
228230520,nan,nan,nan,-2.362326,0.0,nan,nan,-0.1906166,nan,nan,nan,nan,nan,nan,0.5208531,0.35458127,nan
228430433,nan,nan,nan,-2.362326,0.0,nan,nan,-0.24536307,nan,nan,nan,nan,nan,nan,0.5179812,0.35488513,nan
228630565,nan,nan,nan,-2.362326,0.0,nan,nan,-0.2265749,nan,nan,nan,nan,nan,nan,0.5165292,0.3603412,nan
228831565,nan,nan,nan,-2.362326,0.0,nan,nan,-0.24242258,nan,nan,nan,nan,nan,nan,0.52223766,0.36925095,nan
229032979,nan,nan,nan,-2.362326,0.0,nan,nan,-0.24415189,nan,nan,nan,nan,nan,nan,0.51461047,0.36581713,nan
229231340,nan,nan,nan,-2.362326,0.0,nan,nan,-0.25634542,nan,nan,nan,nan,nan,nan,0.50758326,0.37575644,nan
229432485,nan,nan,nan,-2.362326,0.0,nan,nan,-0.29151058,nan,nan,nan,nan,nan,nan,0.44562244,0.32872897,nan
229652172,nan,nan,nan,-2.362326,0.0,nan,nan,-0.3800314,nan,nan,nan,nan,nan,nan,0.35509062,0.30158553,nan
229852276,nan,nan,nan,-2.362326,0.0,nan,nan,-0.65250576,nan,nan,nan,nan,nan,nan,0.2580229,0.25718105,nan
230051928,nan,nan,nan,-2.362326,0.0,nan,nan,-0.8095012,nan,nan,nan,nan,nan,nan,0.0005763961,0.00056836073,nan
230252116,nan,nan,nan,-2.362326,0.0,nan,nan,-1.0420119,nan,nan,nan,nan,nan,nan,-1.8148779e-07,-1.7936917e-07,nan
230452536,nan,nan,nan,-2.362326,0.0,nan,nan,-1.1571798,nan,nan,nan,nan,nan,nan,-8.561956e-11,-8.406695e-11,nan
230652666,nan,nan,nan,-2.362326,0.0,nan,nan,-1.1031742,nan,nan,nan,nan,nan,nan,1.5905791e-14,1.5164465e-14,nan
230852763,nan,nan,nan,-2.362326,0.0,nan,nan,-0.87497413,nan,nan,nan,nan,nan,nan,-1.8529457e-16,-1.8243302e-16,nan
231052941,nan,nan,nan,-2.362326,0.0,nan,nan,-0.19416507,nan,nan,nan,nan,nan,nan,1.960415e-20,1.9416423e-20,nan
231253179,nan,nan,-5.5895276,-2.362326,0.0,nan,nan,0.0,nan,nan,nan,nan,nan,nan,-5.6767245e-23,-5.6073647e-23,nan
231453597,nan,nan,-5.5895276,-2.362326,0.0,nan,nan,-0.0,nan,nan,nan,nan,nan,nan,-0.36998788,-0.3654784,nan
231653730,nan,nan,-5.5895276,-2.362326,0.0,nan,nan,0.0,nan,nan,nan,nan,nan,nan,-0.5040814,-0.4979376,nan
231873768,nan,nan,nan,-2.362326,0.0,nan,nan,-0.2605996,nan,nan,nan,nan,nan,nan,-0.4687765,-0.46306294,nan
232074192,nan,nan,nan,-2.362326,0.0,nan,nan,-0.26160336,nan,nan,nan,nan,nan,nan,-0.43582478,-0.43051285,nan
232274269,nan,nan,nan,-2.362326,0.0,nan,nan,-0.23885345,nan,nan,nan,nan,nan,nan,-0.4327801,-0.42750528,nan
232474334,nan,nan,nan,-2.362326,0.0,nan,nan,-0.052973576,nan,nan,nan,nan,nan,nan,-0.3992583,-0.39439204,nan
232674526,nan,nan,-5.37621,-2.362326,0.0,nan,nan,0.0,nan,nan,nan,nan,nan,nan,-0.3892594,-0.38451502,nan
232874818,nan,nan,-5.37621,-2.362326,0.0,nan,nan,-0.0,nan,nan,nan,nan,nan,nan,-0.40886426,-0.40388095,nan
233075074,nan,nan,-5.37621,-2.362326,0.0,nan,nan,0.0,nan,nan,nan,nan,nan,nan,-0.44939238,-0.4439151,nan
233295186,nan,nan,-5.37621,-2.362326,0.0,nan,nan,0.0,nan,nan,nan,nan,nan,nan,-0.42854533,-0.42332214,nan
233495336,nan,nan,-5.37621,-2.362326,0.0,nan,nan,0.0,nan,nan,nan,nan,nan,nan,-0.40008095,-0.39520466,nan
233695616,nan,nan,-5.37621,-2.362326,0.0,nan,nan,-0.0,nan,nan,nan,nan,nan,nan,-0.39332974,-0.38853574,nan
233895856,nan,nan,-5.37621,-2.362326,0.0,nan,nan,-0.0,nan,nan,nan,nan,nan,nan,-0.3882943,-0.3835617,nan
234095978,nan,nan,-5.37621,-2.362326,0.0,nan,nan,-0.0,nan,nan,nan,nan,nan,nan,-0.38015452,-0.37552112,nan
234296150,nan,nan,-5.37621,-2.362326,0.0,nan,nan,-0.0,nan,nan,nan,nan,nan,nan,-0.3289351,-0.32492596,nan
234496418,nan,nan,-5.37621,-2.362326,0.0,nan,nan,-0.0,nan,nan,nan,nan,nan,nan,-0.24211523,-0.23916428,nan
234696864,nan,nan,nan,-2.362326,0.0,nan,nan,0.08779422,nan,nan,nan,nan,nan,nan,-0.1816198,-0.17940618,nan
234916940,nan,nan,nan,-2.362326,0.0,nan,nan,0.18390216,nan,nan,nan,nan,nan,nan,-0.00663261,-0.0065517705,nan
235116981,nan,nan,nan,-2.362326,0.0,nan,nan,0.08176429,nan,nan,nan,nan,nan,nan,-0.14854333,-0.14673285,nan
235317845,nan,nan,-4.73477,-2.362326,0.0,nan,nan,-0.0,nan,nan,nan,nan,nan,nan,-0.15314059,-0.15127409,nan
235519235,nan,nan,-4.73477,-2.362326,0.0,nan,nan,-0.0,nan,nan,nan,nan,nan,nan,-0.62203103,-0.6144496,nan
235717773,nan,nan,-4.73477,-2.362326,0.0,nan,nan,-0.0,nan,nan,nan,nan,nan,nan,-0.71071494,-0.7020526,nan
235919461,nan,nan,-4.73477,-2.362326,0.0,nan,nan,-0.0,nan,nan,nan,nan,nan,nan,-0.70950603,-0.7008584,nan
236118163,nan,nan,-4.73477,-2.362326,0.0,nan,nan,-0.0,nan,nan,nan,nan,nan,nan,-0.7102444,-0.7015878,nan
236318276,nan,nan,-4.73477,-2.362326,0.0,nan,nan,-0.0,nan,nan,nan,nan,nan,nan,-0.71087754,-0.7022132,nan
236519761,nan,nan,-4.73477,-2.362326,0.0,nan,nan,-0.0,nan,nan,nan,nan,nan,nan,-0.7095059,-0.7008583,nan
236738610,nan,nan,-4.73477,-2.362326,0.0,nan,nan,-0.0,nan,nan,nan,nan,nan,nan,-0.70967114,-0.7010215,nan
236938913,nan,nan,-4.73477,-2.362326,0.0,nan,nan,-0.0,nan,nan,nan,nan,nan,nan,-0.70960957,-0.7009607,nan
237139288,nan,nan,-4.73477,-2.362326,0.0,nan,nan,-0.0,nan,nan,nan,nan,nan,nan,-0.7096095,-0.70096064,nan
237339238,nan,nan,-4.73477,-2.362326,0.0,nan,nan,-0.0,nan,nan,nan,nan,nan,nan,-0.7096095,-0.70096064,nan
237539381,nan,nan,-4.73477,-2.362326,0.0,nan,nan,-0.0,nan,nan,nan,nan,nan,nan,-0.7099854,-0.7013319,nan
237739621,nan,nan,-4.73477,-2.362326,0.0,nan,nan,-0.0,nan,nan,nan,nan,nan,nan,-0.7095658,-0.7009175,nan
237940130,nan,nan,-4.73477,-2.362326,0.0,nan,nan,-0.0,nan,nan,nan,nan,nan,nan,-0.7102548,-0.70159805,nan
238140120,nan,nan,-4.73477,-2.362326,0.0,nan,nan,-0.0,nan,nan,nan,nan,nan,nan,-0.70993775,-0.7012849,nan
238360223,nan,nan,-4.73477,-2.362326,0.0,nan,nan,-0.0,nan,nan,nan,nan,nan,nan,-0.7094575,-0.7008105,nan
238561183,nan,nan,-4.73477,-2.362326,0.0,nan,nan,-0.0,nan,nan,nan,nan,nan,nan,-0.35986862,-0.35548246,nan
238762454,nan,nan,-4.73477,-2.362326,0.0,nan,nan,-0.0,nan,nan,nan,nan,nan,nan,2.9500074e-05,2.914052e-05,nan
238962564,nan,nan,-4.73477,-2.362326,0.0,nan,nan,-0.0,nan,nan,nan,nan,nan,nan,3.6324796e-08,3.588206e-08,nan
239161188,nan,nan,-4.73477,-2.362326,0.0,nan,nan,-0.0,nan,nan,nan,nan,nan,nan,-4.4182054e-11,-4.3643554e-11,nan
239361323,nan,nan,-4.73477,-2.362326,0.0,nan,nan,-0.0,nan,nan,nan,nan,nan,nan,-2.8747572e-15,-2.8397192e-15,nan
239561494,nan,nan,-4.73477,-2.362326,0.0,nan,nan,-0.0,nan,nan,nan,nan,nan,nan,7.338992e-18,7.249542e-18,nan
239761633,nan,nan,-4.73477,-2.362326,0.0,nan,nan,-0.0,nan,nan,nan,nan,nan,nan,-5.186821e-21,-5.1236028e-21,nan
239961809,nan,nan,-4.73477,-2.362326,0.0,nan,nan,-0.0,nan,nan,nan,nan,nan,nan,1.4193201e-24,1.4020211e-24,nan
240162188,nan,nan,-4.73477,-2.362326,0.0,nan,nan,-0.0,nan,nan,nan,nan,nan,nan,9.570482e-28,9.453835e-28,nan
240382299,nan,nan,-4.73477,-2.362326,0.0,nan,nan,-0.0,nan,nan,nan,nan,nan,nan,-4.4967836e-31,-4.441976e-31,nan
240582451,nan,nan,-4.73477,-2.362326,0.0,nan,nan,-0.0,nan,nan,nan,nan,nan,nan,-4.157296e-35,-4.106626e-35,nan
240782609,nan,nan,-4.73477,-2.362326,0.0,nan,nan,-0.0,nan,nan,nan,nan,nan,nan,2.2661445e-37,2.238524e-37,nan
240983175,nan,nan,-4.73477,-2.362326,0.0,nan,nan,-0.0,nan,nan,nan,nan,nan,nan,-1.80136e-40,-1.7794e-40,nan
241183330,nan,nan,-4.73477,-2.362326,0.0,nan,nan,0.0,nan,nan,nan,nan,nan,nan,6e-44,6e-44,nan
242204066,nan,nan,-4.73477,-2.362326,0.0,nan,nan,0.0,nan,nan,nan,nan,nan,nan,0.0,0.0,nan
242404233,nan,nan,-4.73477,-2.362326,0.0,nan,nan,0.0,nan,nan,nan,nan,nan,nan,0.0,0.0,nan
242604587,nan,nan,-4.73477,-2.362326,0.0,nan,nan,0.0,nan,nan,nan,nan,nan,nan,0.0,0.0,nan
242804753,nan,nan,-4.73477,-2.362326,0.0,nan,nan,0.0,nan,nan,nan,nan,nan,nan,0.0,0.0,nan
243025730,nan,nan,-4.73477,-2.362326,0.0,nan,nan,0.0,nan,nan,nan,nan,nan,nan,0.0,0.0,nan
243225197,nan,nan,-4.73477,-2.362326,0.0,nan,nan,0.0,nan,nan,nan,nan,nan,nan,0.12167904,0.12019599,nan
243425387,nan,nan,-4.73477,-2.362326,0.0,nan,nan,0.0,nan,nan,nan,nan,nan,nan,0.21470729,0.21209039,nan
243625575,nan,nan,-4.73477,-2.362326,0.0,nan,nan,0.0,nan,nan,nan,nan,nan,nan,0.26760414,0.26434252,nan
243825659,nan,nan,-4.73477,-2.362326,0.0,nan,nan,0.0,nan,nan,nan,nan,nan,nan,0.2885806,0.2850633,nan
244025850,nan,nan,-4.73477,-2.362326,0.0,nan,nan,0.0,nan,nan,nan,nan,nan,nan,0.34696576,0.34273687,nan
244226221,nan,nan,-4.73477,-2.362326,0.0,nan,nan,0.0,nan,nan,nan,nan,nan,nan,0.40629745,0.4013454,nan
244426307,nan,nan,-4.73477,-2.362326,0.0,nan,nan,0.0,nan,nan,nan,nan,nan,nan,0.42143646,0.4162999,nan
244646527,nan,nan,-4.73477,-2.362326,0.0,nan,nan,0.0,nan,nan,nan,nan,nan,nan,0.46365756,0.45800638,nan
244846959,nan,nan,-4.73477,-2.362326,0.0,nan,nan,0.0,nan,nan,nan,nan,nan,nan,0.4923872,0.48638588,nan
245047792,nan,nan,-4.73477,-2.362326,0.0,nan,nan,0.0,nan,nan,nan,nan,nan,nan,0.51473683,0.5084631,nan
245248856,nan,nan,-4.73477,-2.362326,0.0,nan,nan,0.0,nan,nan,nan,nan,nan,nan,0.5176881,0.5113784,nan
245449321,nan,nan,-4.73477,-2.362326,0.0,nan,nan,0.0,nan,nan,nan,nan,nan,nan,0.4954915,0.48945236,nan
245647586,nan,nan,-4.73477,-2.362326,0.0,nan,nan,-0.0,nan,nan,nan,nan,nan,nan,0.43285456,0.42757884,nan
245847846,nan,nan,-4.73477,-2.362326,0.0,nan,nan,-0.0,nan,nan,nan,nan,nan,nan,0.41533133,0.41026917,nan
246048973,nan,nan,-4.73477,-2.362326,0.0,nan,nan,-0.0,nan,nan,nan,nan,nan,nan,0.42438707,0.41921455,nan
246248099,nan,nan,-4.73477,-2.362326,0.0,nan,nan,-0.0,nan,nan,nan,nan,nan,nan,0.42130443,0.41616946,nan
246448368,nan,nan,-4.73477,-2.362326,0.0,nan,nan,-0.0,nan,nan,nan,nan,nan,nan,0.421936,0.41679335,nan
246648901,nan,nan,-4.73477,-2.362326,0.0,nan,nan,-0.0,nan,nan,nan,nan,nan,nan,0.4237083,0.41854405,nan
246868757,nan,nan,-4.73477,-2.362326,0.0,nan,nan,-0.0,nan,nan,nan,nan,nan,nan,0.37212926,0.36759368,nan
247068889,nan,nan,-4.73477,-2.362326,0.0,nan,nan,-0.0,nan,nan,nan,nan,nan,nan,0.42728567,0.35917222,nan
247269219,nan,nan,-4.73477,-2.362326,0.0,nan,nan,-0.0,nan,nan,nan,nan,nan,nan,0.4708636,0.28013074,nan
247469391,nan,nan,-4.73477,-2.362326,0.0,nan,nan,-0.0,nan,nan,nan,nan,nan,nan,0.506504,0.17510456,nan
247669557,nan,nan,-4.73477,-2.362326,0.0,nan,nan,-0.0,nan,nan,nan,nan,nan,nan,0.4870031,0.21582705,nan
247869745,nan,nan,-4.73477,-2.362326,0.0,nan,nan,-0.0,nan,nan,nan,nan,nan,nan,0.51667315,0.4620102,nan
248069982,nan,nan,-4.73477,-2.362326,0.0,nan,nan,-0.0,nan,nan,nan,nan,nan,nan,0.58415896,0.5169988,nan
248292390,nan,nan,-4.73477,-2.362326,0.0,nan,nan,-0.0,nan,nan,nan,nan,nan,nan,0.43009296,0.0032032717,nan
248490574,nan,nan,-4.73477,-2.362326,0.0,nan,nan,-0.0,nan,nan,nan,nan,nan,nan,0.4038763,-0.0862501,nan
248690567,nan,nan,-4.73477,-2.362326,0.0,nan,nan,-0.0,nan,nan,nan,nan,nan,nan,0.44913736,0.05989175,nan
248890809,nan,nan,-4.73477,-2.362326,0.0,nan,nan,-0.0,nan,nan,nan,nan,nan,nan,0.48293218,0.13962086,nan
249091111,nan,nan,-4.73477,-2.362326,0.0,nan,nan,-0.0,nan,nan,nan,nan,nan,nan,0.49911436,0.16985048,nan
249291227,nan,nan,-4.73477,-2.362326,0.0,nan,nan,-0.0,nan,nan,nan,nan,nan,nan,0.50501925,0.16429086,nan
249491343,nan,nan,-4.73477,-2.362326,0.0,nan,nan,-0.0,nan,nan,nan,nan,nan,nan,0.5125778,0.16983654,nan
249691603,nan,nan,-4.73477,-2.362326,0.0,nan,nan,-0.0,nan,nan,nan,nan,nan,nan,0.5129003,0.17398632,nan
249891896,nan,nan,-4.73477,-2.362326,0.0,nan,nan,-0.0,nan,nan,nan,nan,nan,nan,0.5201154,0.18147364,nan
250111992,nan,nan,-4.73477,-2.362326,0.0,nan,nan,-0.0,nan,nan,nan,nan,nan,nan,0.5244298,0.18605213,nan
250312141,nan,nan,-4.73477,-2.362326,0.0,nan,nan,-0.0,nan,nan,nan,nan,nan,nan,0.5342029,0.20338103,nan
250512515,nan,nan,-4.73477,-2.362326,0.0,nan,nan,-0.0,nan,nan,nan,nan,nan,nan,0.5368875,0.20815748,nan
250712678,nan,nan,-4.73477,-2.362326,0.0,nan,nan,-0.0,nan,nan,nan,nan,nan,nan,0.5422181,0.20965306,nan
250912767,nan,nan,-4.73477,-2.362326,0.0,nan,nan,-0.0,nan,nan,nan,nan,nan,nan,0.54202104,0.21461019,nan
251112929,nan,nan,-4.73477,-2.362326,0.0,nan,nan,-0.0,nan,nan,nan,nan,nan,nan,0.54784805,0.2190053,nan
251313194,nan,nan,-4.73477,-2.362326,0.0,nan,nan,-0.0,nan,nan,nan,nan,nan,nan,0.5491813,0.22135714,nan
251513624,nan,nan,-4.73477,-2.362326,0.0,nan,nan,-0.0,nan,nan,nan,nan,nan,nan,0.55515,0.22856729,nan
251733741,nan,nan,-4.73477,-2.362326,0.0,nan,nan,-0.0,nan,nan,nan,nan,nan,nan,0.5566334,0.23534344,nan
251933777,nan,nan,-4.73477,-2.362326,0.0,nan,nan,-0.0,nan,nan,nan,nan,nan,nan,0.5597309,0.2360335,nan
252134238,nan,nan,-4.73477,-2.362326,0.0,nan,nan,-0.0,nan,nan,nan,nan,nan,nan,0.559528,0.23989093,nan
252334315,nan,nan,-4.73477,-2.362326,0.0,nan,nan,-0.0,nan,nan,nan,nan,nan,nan,0.55763865,0.2418277,nan
252534373,nan,nan,-4.73477,-2.362326,0.0,nan,nan,-0.0,nan,nan,nan,nan,nan,nan,0.56116253,0.24188133,nan
252734552,nan,nan,-4.73477,-2.362326,0.0,nan,nan,-0.0,nan,nan,nan,nan,nan,nan,0.5646709,0.24200927,nan
252934962,nan,nan,-4.73477,-2.362326,0.0,nan,nan,-0.0,nan,nan,nan,nan,nan,nan,0.5622495,0.24445724,nan
253135047,nan,nan,-4.73477,-2.362326,0.0,nan,nan,0.0,nan,nan,nan,nan,nan,nan,0.55839443,0.2406677,nan
253355183,nan,nan,nan,-2.362326,0.0,nan,nan,-0.48046845,nan,nan,nan,nan,nan,nan,0.42900607,0.20562784,nan
253555384,nan,nan,nan,-2.362326,0.0,nan,nan,-1.353698,nan,nan,nan,nan,nan,nan,0.08048825,0.086496264,nan
253755705,nan,nan,nan,-2.362326,0.0,nan,nan,-1.6088473,nan,nan,nan,nan,nan,nan,-4.493823e-05,-5.4531996e-05,nan
253955885,nan,nan,nan,-2.362326,0.0,nan,nan,-1.4194324,nan,nan,nan,nan,nan,nan,5.141849e-09,1.0969826e-08,nan
254156025,nan,nan,nan,-2.362326,0.0,nan,nan,-0.6020909,nan,nan,nan,nan,nan,nan,1.4534931e-11,1.3510569e-11,nan
254356185,nan,nan,-5.739236,-2.362326,0.0,nan,nan,0.0,nan,nan,nan,nan,nan,nan,-3.0205123e-15,-4.2441344e-15,nan
254556737,nan,nan,nan,-2.362326,0.0,nan,nan,-0.29505986,nan,nan,nan,nan,nan,nan,-1.504829e-18,-1.0693575e-18,nan
254756861,nan,nan,nan,-2.362326,0.0,nan,nan,-0.9836707,nan,nan,nan,nan,nan,nan,2.5915631e-21,2.7295268e-21,nan
254976904,nan,nan,nan,-2.362326,0.0,nan,nan,-0.89228654,nan,nan,nan,nan,nan,nan,-1.6243084e-24,-1.9290152e-24,nan
255177017,nan,nan,nan,-2.362326,0.0,nan,nan,-0.7348237,nan,nan,nan,nan,nan,nan,-3.9717461e-28,-3.90882e-28,nan
255377951,nan,nan,nan,-2.362326,0.0,nan,nan,-0.7341768,nan,nan,nan,nan,nan,nan,4.0802787e-31,3.5597147e-31,nan
255578177,nan,nan,nan,-2.362326,0.0,nan,nan,-0.73427296,nan,nan,nan,nan,nan,nan,-0.0048861844,-0.004826631,nan
255777817,nan,nan,nan,-2.362326,0.0,nan,nan,-0.7341776,nan,nan,nan,nan,nan,nan,-0.34910843,-0.3448534,nan
255977824,nan,nan,nan,-2.362326,0.0,nan,nan,-0.6517515,nan,nan,nan,nan,nan,nan,-0.38932663,-0.38458142,nan
256598445,nan,nan,-6.5193496,-2.362326,0.0,nan,nan,-0.0,nan,nan,nan,nan,nan,nan,-0.614461,-0.6069718,nan
256798626,nan,nan,-6.5193496,-2.362326,0.0,nan,nan,0.0,nan,nan,nan,nan,nan,nan,-0.6576783,-0.6496624,nan
256998940,nan,nan,-6.5193496,-2.362326,0.0,nan,nan,0.0,nan,nan,nan,nan,nan,nan,-0.635288,-0.627545,nan
257199158,nan,nan,nan,-2.362326,0.0,nan,nan,-0.038909268,nan,nan,nan,nan,nan,nan,-0.55420315,-0.54744846,nan
257399266,nan,nan,nan,-2.362326,0.0,nan,nan,-0.091966145,nan,nan,nan,nan,nan,nan,-0.48480606,-0.47889712,nan
257599419,nan,nan,nan,-2.362326,0.0,nan,nan,-0.07640615,nan,nan,nan,nan,nan,nan,-0.44081357,-0.43544084,nan
257799981,nan,nan,nan,-2.362326,0.0,nan,nan,-0.12053505,nan,nan,nan,nan,nan,nan,-0.4105365,-0.40553278,nan
258000182,nan,nan,nan,-2.362326,0.0,nan,nan,-0.16107178,nan,nan,nan,nan,nan,nan,-0.23761846,-0.23472232,nan
258220132,nan,nan,nan,-2.362326,0.0,nan,nan,-0.14858897,nan,nan,nan,nan,nan,nan,-0.24239768,-0.23944329,nan
258420246,nan,nan,nan,-2.362326,0.0,nan,nan,-0.034213215,nan,nan,nan,nan,nan,nan,-0.22607404,-0.2233186,nan
258620897,nan,nan,-5.4525814,-2.362326,0.0,nan,nan,0.0,nan,nan,nan,nan,nan,nan,-0.3087753,0.06519891,nan
258822444,nan,nan,-5.4525814,-2.362326,0.0,nan,nan,0.0,nan,nan,nan,nan,nan,nan,-0.40023348,0.24927641,nan
259022430,nan,nan,-5.4525814,-2.362326,0.0,nan,nan,0.0,nan,nan,nan,nan,nan,nan,-0.40130812,0.21125911,nan
259222417,nan,nan,-5.4525814,-2.362326,0.0,nan,nan,0.0,nan,nan,nan,nan,nan,nan,-0.77066636,-0.63723886,nan
259422664,nan,nan,-5.4525814,-2.362326,0.0,nan,nan,0.0,nan,nan,nan,nan,nan,nan,-0.7154656,-0.6956778,nan
259622627,nan,nan,-5.4525814,-2.362326,0.0,nan,nan,-0.0,nan,nan,nan,nan,nan,nan,-0.709672,-0.7010206,nan
259822641,nan,nan,-5.4525814,-2.362326,0.0,nan,nan,-0.0,nan,nan,nan,nan,nan,nan,-0.70960957,-0.7009607,nan
260041863,nan,nan,-5.4525814,-2.362326,0.0,nan,nan,-0.0,nan,nan,nan,nan,nan,nan,-0.67560726,-0.6673728,nan
260242201,nan,nan,-5.4525814,-2.362326,0.0,nan,nan,-0.0,nan,nan,nan,nan,nan,nan,-0.3299164,-0.32589528,nan
260442414,nan,nan,-5.4525814,-2.362326,0.0,nan,nan,-0.0,nan,nan,nan,nan,nan,nan,0.001058361,0.0010454615,nan
260642495,nan,nan,-5.4525814,-2.362326,0.0,nan,nan,-0.0,nan,nan,nan,nan,nan,nan,7.65796e-07,7.564624e-07,nan
260842748,nan,nan,-5.4525814,-2.362326,0.0,nan,nan,-0.0,nan,nan,nan,nan,nan,nan,-1.1161797e-09,-1.1025755e-09,nan
261043257,nan,nan,-5.4525814,-2.362326,0.0,nan,nan,-0.0,nan,nan,nan,nan,nan,nan,-0.21098977,-0.20841819,nan
262064199,nan,nan,-5.4525814,-2.362326,0.0,nan,nan,-0.0,nan,nan,nan,nan,nan,nan,4.447369e-08,4.3931635e-08,nan
262264364,nan,nan,nan,-2.362326,0.0,nan,nan,0.064257346,nan,nan,nan,nan,nan,nan,-4.304612e-11,-4.2521466e-11,nan
262464334,nan,nan,nan,-2.362326,0.0,nan,nan,0.20420025,nan,nan,nan,nan,nan,nan,1.8735136e-14,1.8506787e-14,nan
262664625,nan,nan,nan,-2.362326,0.0,nan,nan,0.23920785,nan,nan,nan,nan,nan,nan,1.8731972e-18,1.8503664e-18,nan
262864757,nan,nan,-5.7437067,-2.362326,0.0,nan,nan,-0.0,nan,nan,nan,nan,nan,nan,-4.5830568e-21,-4.5271975e-21,nan
263064883,nan,nan,-5.7437067,-2.362326,0.0,nan,nan,-0.0,nan,nan,nan,nan,nan,nan,7.677839e-25,7.58426e-25,nan
263265793,nan,nan,-5.7437067,-2.362326,0.0,nan,nan,-0.0,nan,nan,nan,nan,nan,nan,1.269986e-27,1.2545071e-27,nan
263465827,nan,nan,-5.7437067,-2.362326,0.0,nan,nan,-0.0,nan,nan,nan,nan,nan,nan,-1.4331158e-30,-1.4156486e-30,nan
263685529,nan,nan,-5.7437067,-2.362326,0.0,nan,nan,-0.0,nan,nan,nan,nan,nan,nan,-1.1453437e-34,-1.131384e-34,nan
263885686,nan,nan,-5.7437067,-2.362326,0.0,nan,nan,-0.0,nan,nan,nan,nan,nan,nan,2.4293352e-37,2.3997259e-37,nan
264085991,nan,nan,-5.7437067,-2.362326,0.0,nan,nan,-0.0,nan,nan,nan,nan,nan,nan,0.21932958,0.21665636,nan
264286215,nan,nan,-5.7437067,-2.362326,0.0,nan,nan,-0.0,nan,nan,nan,nan,nan,nan,0.23304656,0.23020615,nan
264486513,nan,nan,-5.7437067,-2.362326,0.0,nan,nan,-0.0,nan,nan,nan,nan,nan,nan,0.22543846,0.22269078,nan
264686592,nan,nan,-5.7437067,-2.362326,0.0,nan,nan,-0.0,nan,nan,nan,nan,nan,nan,0.21850657,0.21584338,nan
264887136,nan,nan,-5.7437067,-2.362326,0.0,nan,nan,-0.0,nan,nan,nan,nan,nan,nan,0.21461678,0.21200098,nan
265087029,nan,nan,-5.7437067,-2.362326,0.0,nan,nan,-0.0,nan,nan,nan,nan,nan,nan,0.15608107,0.15417871,nan
265287171,nan,nan,-5.7437067,-2.362326,0.0,nan,nan,-0.0,nan,nan,nan,nan,nan,nan,0.10019911,0.098977864,nan
265487447,nan,nan,-5.7437067,-2.362326,0.0,nan,nan,-0.0,nan,nan,nan,nan,nan,nan,-6.169481e-05,-6.0942857e-05,nan
265709655,nan,nan,-5.7437067,-2.362326,0.0,nan,nan,-0.0,nan,nan,nan,nan,nan,nan,-1.5495337e-08,-1.5306476e-08,nan
265908195,nan,nan,-5.7437067,-2.362326,0.0,nan,nan,-0.0,nan,nan,nan,nan,nan,nan,1.2880848e-11,1.2723853e-11,nan
266107965,nan,nan,-5.7437067,-2.362326,0.0,nan,nan,-0.0,nan,nan,nan,nan,nan,nan,-4.6803348e-15,-4.6232896e-15,nan
266309284,nan,nan,-5.7437067,-2.362326,0.0,nan,nan,-0.0,nan,nan,nan,nan,nan,nan,-0.18728182,-0.18499918,nan
266508588,nan,nan,-5.7437067,-2.362326,0.0,nan,nan,-0.0,nan,nan,nan,nan,nan,nan,-0.35230914,-0.3480151,nan
266709300,nan,nan,-5.7437067,-2.362326,0.0,nan,nan,-0.0,nan,nan,nan,nan,nan,nan,-0.19591206,-0.19352424,nan
266909783,nan,nan,nan,-2.362326,0.0,nan,nan,0.053184193,nan,nan,nan,nan,nan,nan,2.6670557e-05,2.6345491e-05,nan
267128949,nan,nan,nan,-2.362326,0.0,nan,nan,0.2093528,nan,nan,nan,nan,nan,nan,2.6060984e-09,2.5743347e-09,nan
267329206,nan,nan,nan,-2.362326,0.0,nan,nan,0.20372169,nan,nan,nan,nan,nan,nan,-1.6052173e-11,-1.5856526e-11,nan
267529453,nan,nan,nan,-2.362326,0.0,nan,nan,0.15717994,nan,nan,nan,nan,nan,nan,1.2903238e-14,1.27459705e-14,nan
267729588,nan,nan,nan,-2.362326,0.0,nan,nan,0.15374571,nan,nan,nan,nan,nan,nan,-1.9162976e-17,-1.8929415e-17,nan
267929744,nan,nan,nan,-2.362326,0.0,nan,nan,0.15377082,nan,nan,nan,nan,nan,nan,-1.5664607e-21,-1.5473683e-21,nan
268130015,nan,nan,nan,-2.362326,0.0,nan,nan,0.1546874,nan,nan,nan,nan,nan,nan,-1.5080506e-25,-1.4896703e-25,nan
268330736,nan,nan,nan,-2.362326,0.0,nan,nan,0.1626874,nan,nan,nan,nan,nan,nan,0.003768241,0.0037223129,nan
268530384,nan,nan,nan,-2.362326,0.0,nan,nan,0.14120086,nan,nan,nan,nan,nan,nan,0.16359323,0.16159932,nan
268730529,nan,nan,nan,-2.362326,0.0,nan,nan,0.14810003,nan,nan,nan,nan,nan,nan,0.058249716,0.057539754,nan
268951331,nan,nan,nan,-2.362326,0.0,nan,nan,0.17602766,nan,nan,nan,nan,nan,nan,-0.26429513,-0.26107383,nan
269151307,nan,nan,nan,-2.362326,0.0,nan,nan,0.17014977,nan,nan,nan,nan,nan,nan,-0.37208986,0.11036481,nan
269351194,nan,nan,nan,-2.362326,0.0,nan,nan,0.1586739,nan,nan,nan,nan,nan,nan,-0.10018226,-0.13894074,nan
269551385,nan,nan,nan,-2.362326,0.0,nan,nan,0.1617456,nan,nan,nan,nan,nan,nan,0.3538576,-0.79343504,nan
269751734,nan,nan,nan,-2.362326,0.0,nan,nan,0.16669397,nan,nan,nan,nan,nan,nan,0.35636032,-0.8076766,nan
269951871,nan,nan,nan,-2.362326,0.0,nan,nan,0.16687,nan,nan,nan,nan,nan,nan,0.0007088298,-0.0018227752,nan
270151998,nan,nan,nan,-2.362326,0.0,nan,nan,0.13290004,nan,nan,nan,nan,nan,nan,-0.0061458386,0.0062233405,nan
270352151,nan,nan,nan,-2.362326,0.0,nan,nan,0.123095475,nan,nan,nan,nan,nan,nan,-0.13969289,0.1414165,nan
270552523,nan,nan,nan,-2.362326,0.0,nan,nan,0.20018727,nan,nan,nan,nan,nan,nan,0.00011494172,-0.000116359945,nan
270772740,nan,nan,nan,-2.362326,0.0,nan,nan,0.22422218,nan,nan,nan,nan,nan,nan,-1.2072152e-08,1.2221105e-08,nan
270972816,nan,nan,nan,-2.362326,0.0,nan,nan,0.22125745,nan,nan,nan,nan,nan,nan,-1.2266316e-11,1.2417664e-11,nan
271172980,nan,nan,nan,-2.362326,0.0,nan,nan,0.22082287,nan,nan,nan,nan,nan,nan,4.638066e-15,-4.6952934e-15,nan
271373544,nan,nan,nan,-2.362326,0.0,nan,nan,0.18983342,nan,nan,nan,nan,nan,nan,0.068899505,0.06805975,nan
271573647,nan,nan,nan,-2.362326,0.0,nan,nan,0.19126903,nan,nan,nan,nan,nan,nan,0.094428614,0.0932777,nan
271773700,nan,nan,nan,-2.362326,0.0,nan,nan,0.18987189,nan,nan,nan,nan,nan,nan,0.10658745,0.10528834,nan
271973785,nan,nan,nan,-2.362326,0.0,nan,nan,0.18987349,nan,nan,nan,nan,nan,nan,0.114994645,0.113593064,nan
272174561,nan,nan,nan,-2.362326,0.0,nan,nan,0.19770215,nan,nan,nan,nan,nan,nan,0.09977708,0.098560974,nan
272394325,nan,nan,nan,-2.362326,0.0,nan,nan,0.19608302,nan,nan,nan,nan,nan,nan,0.08861764,0.08753755,nan
272594412,nan,nan,nan,-2.362326,0.0,nan,nan,0.19550467,nan,nan,nan,nan,nan,nan,0.07488557,0.07397285,nan
272794634,nan,nan,nan,-2.362326,0.0,nan,nan,0.20926102,nan,nan,nan,nan,nan,nan,0.07092224,0.07005783,nan
272994950,nan,nan,nan,-2.362326,0.0,nan,nan,0.22368057,nan,nan,nan,nan,nan,nan,0.019207502,0.018973395,nan
273195132,nan,nan,nan,-2.362326,0.0,nan,nan,0.23842955,nan,nan,nan,nan,nan,nan,-1.6019698e-05,-1.5824446e-05,nan
273395287,nan,nan,nan,-2.362326,0.0,nan,nan,0.24416663,nan,nan,nan,nan,nan,nan,1.874525e-08,1.8516781e-08,nan
273595415,nan,nan,nan,-2.362326,0.0,nan,nan,0.25409842,nan,nan,nan,nan,nan,nan,-9.575379e-12,-9.458672e-12,nan
273795713,nan,nan,nan,-2.362326,0.0,nan,nan,0.26119858,nan,nan,nan,nan,nan,nan,4.2051927e-16,4.1539388e-16,nan
274015939,nan,nan,nan,-2.362326,0.0,nan,nan,0.28434837,nan,nan,nan,nan,nan,nan,2.1691356e-18,2.1426978e-18,nan
274216025,nan,nan,nan,-2.362326,0.0,nan,nan,0.28336543,nan,nan,nan,nan,nan,nan,-0.022233717,-0.024173608,nan
274416231,nan,nan,nan,-2.362326,0.0,nan,nan,0.28270876,nan,nan,nan,nan,nan,nan,0.078298494,-0.0795444,nan
274616797,nan,nan,nan,-2.362326,0.0,nan,nan,0.2918018,nan,nan,nan,nan,nan,nan,0.10708832,-0.10840952,nan
274816942,nan,nan,nan,-2.362326,0.0,nan,nan,0.29395345,nan,nan,nan,nan,nan,nan,0.0036454678,-0.0036904477,nan
275016900,nan,nan,nan,-2.362326,0.0,nan,nan,0.3469281,nan,nan,nan,nan,nan,nan,-1.8369082e-07,1.8595725e-07,nan
275217067,nan,nan,nan,-2.362326,0.0,nan,nan,0.36883518,nan,nan,nan,nan,nan,nan,-1.3827742e-09,1.3998357e-09,nan
275417430,nan,nan,nan,-2.362326,0.0,nan,nan,0.5299947,nan,nan,nan,nan,nan,nan,1.2842941e-12,-1.3001404e-12,nan
275617551,nan,nan,nan,-2.362326,0.0,nan,nan,0.7,nan,nan,nan,nan,nan,nan,-5.3531206e-16,5.4191707e-16,nan
275817646,nan,nan,nan,-2.362326,0.0,nan,nan,0.7,nan,nan,nan,nan,nan,nan,-7.652883e-20,7.74731e-20,nan
276037839,nan,nan,nan,-2.362326,0.0,nan,nan,0.7,nan,nan,nan,nan,nan,nan,1.3384238e-22,-1.3549382e-22,nan
276238299,nan,nan,nan,-2.362326,0.0,nan,nan,0.7,nan,nan,nan,nan,nan,nan,-2.2358056e-25,2.2633923e-25,nan
276438381,nan,nan,nan,-2.362326,0.0,nan,nan,0.7,nan,nan,nan,nan,nan,nan,-3.996737e-29,4.046051e-29,nan
276638474,nan,nan,nan,-2.362326,0.0,nan,nan,0.7,nan,nan,nan,nan,nan,nan,3.2763567e-32,-3.3167822e-32,nan
276838645,nan,nan,nan,-2.362326,0.0,nan,nan,0.7,nan,nan,nan,nan,nan,nan,-2.0574228e-35,2.0828085e-35,nan
277038956,nan,nan,nan,-2.362326,0.0,nan,nan,0.7,nan,nan,nan,nan,nan,nan,-2.35342e-40,2.38246e-40,nan
277239093,nan,nan,nan,-2.362326,0.0,nan,nan,0.7,nan,nan,nan,nan,nan,nan,8.914e-42,-9.023e-42,nan
277459262,nan,nan,nan,-2.362326,0.0,nan,nan,0.7,nan,nan,nan,nan,nan,nan,-1e-45,1e-45,nan
277659574,nan,nan,nan,-2.362326,0.0,nan,nan,0.7,nan,nan,nan,nan,nan,nan,0.0,0.0,nan
277860116,nan,nan,nan,-2.362326,0.0,nan,nan,0.7,nan,nan,nan,nan,nan,nan,0.0,0.0,nan
278060041,nan,nan,nan,-2.362326,0.0,nan,nan,0.7,nan,nan,nan,nan,nan,nan,0.0,0.0,nan
278260137,nan,nan,nan,-2.362326,0.0,nan,nan,0.7,nan,nan,nan,nan,nan,nan,0.0,0.0,nan
278461542,nan,nan,nan,-2.362326,0.0,nan,nan,0.7,nan,nan,nan,nan,nan,nan,0.0,0.0,nan
278661045,nan,nan,nan,-2.362326,0.0,nan,nan,0.7,nan,nan,nan,nan,nan,nan,0.0,0.0,nan
278861196,nan,nan,nan,-2.362326,0.0,nan,nan,0.7,nan,nan,nan,nan,nan,nan,0.0,0.0,nan
279061454,nan,nan,nan,-2.362326,0.0,nan,nan,0.7,nan,nan,nan,nan,nan,nan,0.0,0.0,nan
279281079,nan,nan,nan,-2.362326,0.0,nan,nan,0.7,nan,nan,nan,nan,nan,nan,0.0,0.0,nan
279481423,nan,nan,-0.55117893,-2.362326,0.0,nan,nan,-0.0,nan,nan,nan,nan,nan,nan,0.0,0.0,nan
279681644,nan,nan,-0.55117893,-2.362326,0.0,nan,nan,-0.0,nan,nan,nan,nan,nan,nan,0.0,0.0,nan
279881738,nan,nan,-0.55117893,-2.362326,0.0,nan,nan,-0.0,nan,nan,nan,nan,nan,nan,0.0,0.0,nan
280081950,nan,nan,-0.55117893,-2.362326,0.0,nan,nan,-0.0,nan,nan,nan,nan,nan,nan,0.0,0.0,nan
280282295,nan,nan,nan,-2.362326,0.0,nan,nan,0.088557296,nan,nan,nan,nan,nan,nan,0.0,0.0,nan
280482361,nan,nan,nan,-2.362326,0.0,nan,nan,0.10915136,nan,nan,nan,nan,nan,nan,0.0,0.0,nan
280702538,nan,nan,nan,-2.362326,0.0,nan,nan,0.14835268,nan,nan,nan,nan,nan,nan,0.0,0.0,nan
280902803,nan,nan,nan,-2.362326,0.0,nan,nan,0.1548692,nan,nan,nan,nan,nan,nan,0.0,0.0,nan
281103076,nan,nan,nan,-2.362326,0.0,nan,nan,0.15330544,nan,nan,nan,nan,nan,nan,0.0,0.0,nan
281303304,nan,nan,nan,-2.362326,0.0,nan,nan,0.15565816,nan,nan,nan,nan,nan,nan,0.0,0.0,nan
281503400,nan,nan,nan,-2.362326,0.0,nan,nan,0.16151604,nan,nan,nan,nan,nan,nan,0.0,0.0,nan
281703831,nan,nan,nan,-2.362326,0.0,nan,nan,0.16265774,nan,nan,nan,nan,nan,nan,0.0,0.0,nan
281903840,nan,nan,nan,-2.362326,0.0,nan,nan,0.16742988,nan,nan,nan,nan,nan,nan,0.0,0.0,nan
282103936,nan,nan,nan,-2.362326,0.0,nan,nan,0.16736995,nan,nan,nan,nan,nan,nan,0.0,0.0,nan
282324365,nan,nan,nan,-2.362326,0.0,nan,nan,0.16736995,nan,nan,nan,nan,nan,nan,0.0,0.0,nan
282524370,nan,nan,nan,-2.362326,0.0,nan,nan,0.18521246,nan,nan,nan,nan,nan,nan,0.0,0.0,nan
283725542,nan,nan,nan,-2.362326,0.0,nan,nan,0.5105546,nan,nan,nan,nan,nan,nan,0.0,0.0,nan
283925711,nan,nan,nan,-2.362326,0.0,nan,nan,0.5737076,nan,nan,nan,nan,nan,nan,0.0,0.0,nan
284125972,nan,nan,nan,-2.362326,0.0,nan,nan,0.7,nan,nan,nan,nan,nan,nan,0.0,0.0,nan
284346296,nan,nan,nan,-2.362326,0.0,nan,nan,0.7,nan,nan,nan,nan,nan,nan,0.0,0.0,nan
284546388,nan,nan,nan,-2.362326,0.0,nan,nan,0.7,nan,nan,nan,nan,nan,nan,0.0,0.0,nan
284746582,nan,nan,nan,-2.362326,0.0,nan,nan,0.7,nan,nan,nan,nan,nan,nan,0.0,0.0,nan
284948163,nan,nan,nan,-2.362326,0.0,nan,nan,0.7,nan,nan,nan,nan,nan,nan,0.0,0.0,nan
285147789,nan,nan,nan,-2.4846494,0.0,nan,nan,0.7,nan,nan,nan,nan,nan,nan,0.0,0.0,nan
285347818,nan,nan,nan,-2.484587,0.0,nan,nan,0.7,nan,nan,nan,nan,nan,nan,0.0,0.0,nan
285547477,nan,nan,nan,-2.484774,0.0,nan,nan,0.7,nan,nan,nan,nan,nan,nan,0.0,0.0,nan
285747707,nan,nan,nan,-2.4849994,0.0,nan,nan,0.7,nan,nan,nan,nan,nan,nan,0.0,0.0,nan
285967932,nan,nan,nan,-2.4854336,0.0,nan,nan,0.7,nan,nan,nan,nan,nan,nan,0.0,0.0,nan
286167996,nan,nan,nan,-2.485744,0.0,nan,nan,0.7,nan,nan,nan,nan,nan,nan,0.0,0.0,nan
286268051,nan,nan,nan,-2.4856644,0.0,nan,nan,0.7,nan,nan,nan,nan,nan,nan,0.0,0.0,nan
